"Rank","EntryId","EntryName","TimeRemaining","Points","Lineup","X","Player","Roster.Position","X.Drafted","FPTS"
1,955683827,"Jwaz (6/20)",0,325.25,"C Karl-Anthony Towns UTIL Kristaps Porzingis SG Jimmy Butler SF Rondae Hollis-Jefferson F JJ Redick PF Alex Len G Wesley Matthews PG Mike James",NA,"Kristaps Porzingis","C","46.97%",66.75
1,955749182,"lixitandstixit",0,325.25,"UTIL LeBron James C Karl-Anthony Towns SG Spencer Dinwiddie SF Rondae Hollis-Jefferson G Kent Bazemore PF Mason Plumlee PG Ish Smith F Tyler Cavanaugh",NA,"Spencer Dinwiddie","PG","37.75%",43
3,955743685,"rbcues (10/20)",0,324.25,"UTIL Karl-Anthony Towns F Kristaps Porzingis SG Jimmy Butler PG Spencer Dinwiddie SF Rondae Hollis-Jefferson PF Alex Len C Tyson Chandler G Tomas Satoransky",NA,"Jimmy Butler","G","36.18%",53
4,955058889,"abragmania",0,322.75,"C Karl-Anthony Towns F Kristaps Porzingis G Jimmy Butler UTIL Andrew Wiggins PG J.J. Barea PF Julius Randle SG Allen Crabbe SF Wilson Chandler",NA,"LeBron James","F","32.13%",64.75
5,955219946,"crazycanucklehead17",0,322.25,"SF LeBron James C Kristaps Porzingis G Lonzo Ball SG Spencer Dinwiddie F Wesley Matthews UTIL Wilson Chandler PG Mike James PF Tyler Cavanaugh",NA,"T.J. Warren","UTIL","23.82%",27.75
6,955744347,"TopBoy1",0,319.25,"PF LeBron James C Kristaps Porzingis PG Spencer Dinwiddie SF Rondae Hollis-Jefferson G J.J. Barea SG Wesley Matthews F Jeff Green UTIL Tyler Cavanaugh",NA,"Ben Simmons","SF","22.25%",21.25
7,955694099,"davidm32",0,319,"C Kristaps Porzingis UTIL Jimmy Butler SF T.J. Warren PG Lonzo Ball G JJ Redick SG Taurean Prince F Wesley Matthews PF Wilson Chandler",NA,"Yogi Ferrell","G","21.12%",32
8,955741968,"zimbo11",0,316.5,"SF LeBron James C Karl-Anthony Towns PF Kristaps Porzingis PG Lonzo Ball G Tomas Satoransky F Tyler Cavanaugh SG Frank Ntilikina UTIL Reggie Bullock",NA,"Lonzo Ball","PG","20.67%",43
9,955744000,"jtvangor",0,316,"C Karl-Anthony Towns UTIL Kristaps Porzingis PF T.J. Warren SG Spencer Dinwiddie SF Andrew Wiggins G J.J. Barea F Wilson Chandler PG Mike James",NA,"Rondae Hollis-Jefferson","SF","20.22%",36
10,955736722,"alyoung22",0,315,"C Kristaps Porzingis SG Jimmy Butler F T.J. Warren PG Spencer Dinwiddie UTIL Andrew Wiggins SF Rondae Hollis-Jefferson PF Wilson Chandler G Mike James",NA,"Julius Randle","PF","18.20%",21.5
11,955740825,"mailman330",0,314.25,"C Joel Embiid PF Kristaps Porzingis UTIL T.J. Warren SG Spencer Dinwiddie F Rondae Hollis-Jefferson SF Wilson Chandler PG Mike James G Yogi Ferrell",NA,"Wilson Chandler","PF","17.30%",25
12,955577853,"Raiderz2871",0,313.75,"C Kristaps Porzingis F LaMarcus Aldridge SF T.J. Warren PG Lonzo Ball PF Rondae Hollis-Jefferson G Kent Bazemore SG Wesley Matthews UTIL J.R. Smith",NA,"Tyler Cavanaugh","PF","16.85%",25.25
13,955743695,"rbcues (20/20)",0,313.25,"SF LeBron James C Kristaps Porzingis PF T.J. Warren PG Spencer Dinwiddie G Wesley Matthews F Wilson Chandler UTIL Tyler Cavanaugh SG Yogi Ferrell",NA,"Karl-Anthony Towns","C","16.85%",57
14,955733929,"clapnow (7/11)",0,312,"C Karl-Anthony Towns F Kristaps Porzingis UTIL Dennis Schroder G Spencer Dinwiddie SF Kent Bazemore SG J.J. Barea PF Mike Scott PG Mike James",NA,"Andre Drummond","C","16.85%",23
15,955739663,"Bill3333",0,310.25,"SF LeBron James C Kristaps Porzingis F LaMarcus Aldridge SG Caris LeVert PG Mike James UTIL J.R. Smith PF Tyler Cavanaugh G Yogi Ferrell",NA,"Ersan Ilyasova","PF","16.40%",14.5
16,955743679,"rbcues (4/20)",0,309.5,"UTIL Kristaps Porzingis SG Jimmy Butler F T.J. Warren PG Spencer Dinwiddie SF Rondae Hollis-Jefferson G JJ Redick PF Alex Len C Tyson Chandler",NA,"Buddy Hield","SG","14.16%",17.5
17,955709915,"mhacker1",0,309.25,"SF LeBron James PF Kristaps Porzingis PG Spencer Dinwiddie F Kent Bazemore C Marcin Gortat UTIL Tyson Chandler SG Josh Jackson G Mike James",NA,"Bradley Beal","SG","13.03%",39.5
18,955645384,"RipCity7 (1/4)",0,307.25,"PF Kristaps Porzingis G Jimmy Butler SF T.J. Warren UTIL Lonzo Ball PG Spencer Dinwiddie C Marcin Gortat F Julius Randle SG Yogi Ferrell",NA,"Josh Jackson","SF","12.58%",16.75
19,955744348,"yisman15",0,307,"UTIL Karl-Anthony Towns C Kristaps Porzingis SF T.J. Warren PG Spencer Dinwiddie F Andrew Wiggins G J.J. Barea PF Wilson Chandler SG Josh Jackson",NA,"Zach Randolph","C","12.13%",34.75
20,955744308,"sasmallen (3/4)",0,306.25,"F LeBron James UTIL Kristaps Porzingis PG Spencer Dinwiddie SF Rondae Hollis-Jefferson C Julius Randle PF Alex Len SG Allen Crabbe G Frank Mason III",NA,"Enes Kanter","UTIL","11.69%",28.75
20,955748914,"Bucket0",0,306.25,"F LeBron James C Karl-Anthony Towns PF Kristaps Porzingis SF Wilson Chandler SG Josh Jackson G Mike James UTIL Patty Mills PG Yogi Ferrell",NA,"JJ Redick","G","11.46%",33
22,955743682,"rbcues (7/20)",0,306,"PF Kristaps Porzingis SG Jimmy Butler F T.J. Warren PG Spencer Dinwiddie SF Rondae Hollis-Jefferson G JJ Redick C Tyson Chandler UTIL Marquese Chriss",NA,"Mike James","PG","11.24%",25.75
22,955743694,"rbcues (19/20)",0,306,"F Kristaps Porzingis SG Jimmy Butler UTIL T.J. Warren PG Spencer Dinwiddie SF Rondae Hollis-Jefferson G JJ Redick PF Julius Randle C Tyson Chandler",NA,"Andrew Wiggins","SF","10.79%",37.75
24,955357761,"Orcachow (1/6)",0,305.5,"UTIL LeBron James F Kristaps Porzingis SG Jimmy Butler SF T.J. Warren G Tomas Satoransky PF Tyler Cavanaugh PG Yogi Ferrell C Jarrett Allen",NA,"Wesley Matthews","G","10.79%",28.75
24,955744307,"sasmallen (2/4)",0,305.5,"F LeBron James C Kristaps Porzingis SG Jimmy Butler SF T.J. Warren G Tomas Satoransky PF Tyler Cavanaugh PG Yogi Ferrell UTIL Jarrett Allen",NA,"Tomas Satoransky","SG","10.56%",18.5
26,955215504,"Hunta512",0,305.25,"G Bradley Beal C Kristaps Porzingis SG Jimmy Butler SF T.J. Warren F Rondae Hollis-Jefferson UTIL Tyson Chandler PF Tyler Cavanaugh PG Yogi Ferrell",NA,"J.J. Barea","G","10.34%",33
27,955705500,"nickmason1922 (1/6)",0,305,"C Kristaps Porzingis SG Jimmy Butler SF Will Barton PF T.J. Warren PG Spencer Dinwiddie UTIL J.J. Barea F Jeff Green G Frank Ntilikina",NA,"Caris LeVert","F","9.89%",31.25
28,955562725,"ineedmoney23",0,304,"PF Kristaps Porzingis SG Jimmy Butler SF T.J. Warren PG Lonzo Ball G Spencer Dinwiddie UTIL Marcin Gortat C Tyson Chandler F Tyler Cavanaugh",NA,"Will Barton","SG","9.21%",30
29,955293959,"gmwilson (1/2)",0,303.75,"UTIL Joel Embiid C Karl-Anthony Towns SG Jimmy Butler SF T.J. Warren F Wilson Chandler PG Mike James PF Tyler Cavanaugh G Yogi Ferrell",NA,"Otto Porter Jr.","SF","9.21%",21.75
29,955299336,"gmwilson (2/2)",0,303.75,"UTIL Joel Embiid C Karl-Anthony Towns SG Jimmy Butler SF T.J. Warren F Wilson Chandler PG Mike James PF Tyler Cavanaugh G Yogi Ferrell",NA,"Brandon Ingram","G","8.99%",22.75
31,955743654,"Weedle (2/2)",0,303,"UTIL Karl-Anthony Towns C Kristaps Porzingis PG Lonzo Ball SF Rondae Hollis-Jefferson F Dario Saric SG JJ Redick PF Ersan Ilyasova G J.R. Smith",NA,"De'Aaron Fox","PG","8.76%",12
32,955626538,"MMathison04",0,302,"C Karl-Anthony Towns PF Kristaps Porzingis UTIL T.J. Warren SF Brandon Ingram SG Spencer Dinwiddie PG Jordan Clarkson F Allen Crabbe G Yogi Ferrell",NA,"Dario Saric","UTIL","8.54%",30.5
33,955710641,"Fulltilt82",0,301.75,"C Andre Drummond PF Kristaps Porzingis G Jimmy Butler PG Lonzo Ball SG J.J. Barea UTIL Trevor Booker SF Trey Lyles F Tyler Cavanaugh",NA,"Tyson Chandler","C","8.31%",25
33,955743684,"rbcues (9/20)",0,301.75,"UTIL Kristaps Porzingis SG Jimmy Butler PF T.J. Warren PG Spencer Dinwiddie SF Rondae Hollis-Jefferson F Julius Randle C Tyson Chandler G Allen Crabbe",NA,"J.R. Smith","UTIL","7.42%",22.25
33,955743691,"rbcues (16/20)",0,301.75,"UTIL Kristaps Porzingis SG Jimmy Butler SF T.J. Warren PG Spencer Dinwiddie PF Rondae Hollis-Jefferson F Julius Randle C Tyson Chandler G Wesley Matthews",NA,"Marcin Gortat","UTIL","7.19%",20.25
36,955543192,"kyle4cash710",0,301.5,"SF LeBron James PF Kristaps Porzingis F Will Barton G Spencer Dinwiddie C Julius Randle SG Frank Mason III UTIL Tyler Cavanaugh PG Frank Ntilikina",NA,"Frank Mason III","PG","7.19%",20.5
36,955748817,"RipCity7 (4/4)",0,301.5,"PF LeBron James C Kristaps Porzingis SF T.J. Warren PG Spencer Dinwiddie UTIL Marcin Gortat F J.R. Smith G Bogdan Bogdanovic SG Yogi Ferrell",NA,"Reggie Jackson","G","6.97%",21.5
38,955736996,"RipCity7 (3/4)",0,300.75,"PF Kristaps Porzingis G Jimmy Butler SF T.J. Warren UTIL Gary Harris PG Spencer Dinwiddie C Marcin Gortat F Julius Randle SG Yogi Ferrell",NA,"Jordan Clarkson","PG","6.74%",24
39,955238708,"otto637",0,298.25,"SF LeBron James PF Kristaps Porzingis SG Jimmy Butler G Caris LeVert C Brook Lopez UTIL Tony Parker PG Ish Smith F DeAndre' Bembry",NA,"Dennis Schroder","PG","6.52%",23.75
39,955725518,"TitletownTim",0,298.25,"C Karl-Anthony Towns G Jimmy Butler F T.J. Warren SG Spencer Dinwiddie SF Andrew Wiggins UTIL DeMarre Carroll PF Wilson Chandler PG Mike James",NA,"Allen Crabbe","SG","6.29%",28.75
39,955748218,"00BallsDeep00",0,298.25,"C Karl-Anthony Towns PF Kristaps Porzingis SG Jimmy Butler SF Andrew Wiggins F Ersan Ilyasova PG Jarrett Jack UTIL Wilson Chandler G Tyler Ulis",NA,"Trey Lyles","F","6.07%",26
42,955739614,"wasdammada",0,298,"PF Kristaps Porzingis F LaMarcus Aldridge SG Jimmy Butler C Enes Kanter PG Spencer Dinwiddie SF Ersan Ilyasova G Jarrett Jack UTIL José Calderón",NA,"Jeff Teague","UTIL","6.07%",23.75
43,955729428,"RubioDimes",0,297.75,"UTIL Karl-Anthony Towns PF Kristaps Porzingis F T.J. Warren PG Spencer Dinwiddie SF Rondae Hollis-Jefferson C Marcin Gortat SG Wesley Matthews G Patty Mills",NA,"Jarrett Jack","UTIL","5.84%",24.5
44,955743693,"rbcues (18/20)",0,297.5,"F Kristaps Porzingis SG Jimmy Butler PF T.J. Warren G Spencer Dinwiddie SF Rondae Hollis-Jefferson UTIL Julius Randle PG Jarrett Jack C Tyson Chandler",NA,"Jeff Green","F","5.62%",21.75
45,955678632,"RipCity7 (2/4)",0,297,"PF LeBron James C Kristaps Porzingis SF T.J. Warren PG Spencer Dinwiddie UTIL Marcin Gortat G Bogdan Bogdanovic SG Yogi Ferrell F Jae Crowder",NA,"Alex Len","F","5.62%",25
46,955019283,"ihags (4/4)",0,296.25,"C Andre Drummond PF Kristaps Porzingis SG Jimmy Butler PG Spencer Dinwiddie G JJ Redick UTIL Wesley Matthews SF Wilson Chandler F Kyle Korver",NA,"Kevin Love","PF","4.94%",37.5
47,954999112,"Edison888888",0,296,"PF Kristaps Porzingis SG Jimmy Butler G Will Barton UTIL Gary Harris PG Spencer Dinwiddie F Willie Cauley-Stein C Trevor Booker SF Doug McDermott",NA,"LaMarcus Aldridge","C","4.94%",42.25
47,955677525,"Cee356 (1/2)",0,296,"UTIL LeBron James C Kristaps Porzingis SG Brandon Ingram PG Spencer Dinwiddie PF Wilson Chandler F Mike Scott SF Trey Lyles G Yogi Ferrell",NA,"Kent Bazemore","F","4.72%",47
49,955737066,"nikolsberg (2/5)",0,295.25,"UTIL Karl-Anthony Towns C Kristaps Porzingis PG Dennis Schroder SF T.J. Warren SG Caris LeVert PF Wilson Chandler F Trevor Booker G Yogi Ferrell",NA,"Bogdan Bogdanovic","G","4.49%",24.75
50,955237642,"mikeaw1979",0,294.75,"F LeBron James C Kristaps Porzingis SG Jimmy Butler SF Rondae Hollis-Jefferson UTIL Jeff Green PG Patty Mills G Kyle Korver PF Maxi Kleber",NA,"Trevor Booker","C","4.04%",31.75
50,955743681,"rbcues (6/20)",0,294.75,"UTIL Kristaps Porzingis SG Jimmy Butler F T.J. Warren PG Spencer Dinwiddie PF Rondae Hollis-Jefferson SF Ersan Ilyasova C Tyson Chandler G Allen Crabbe",NA,"Doug McDermott","SF","4.04%",11.5
50,955743683,"rbcues (8/20)",0,294.75,"UTIL Kristaps Porzingis SG Jimmy Butler F T.J. Warren PG Spencer Dinwiddie PF Rondae Hollis-Jefferson SF Ersan Ilyasova C Tyson Chandler G Wesley Matthews",NA,"Kyle Kuzma","SF","3.82%",33.5
53,955540506,"moneyonmymind (7/10)",0,294.5,"UTIL Bradley Beal C Kristaps Porzingis PF Zach Randolph SF T.J. Warren SG Spencer Dinwiddie F Wilson Chandler G Mike James PG Yogi Ferrell",NA,"Tobias Harris","UTIL","3.82%",13.5
53,955710447,"nickmason1922 (5/6)",0,294.5,"C Joel Embiid PF Kristaps Porzingis SG Gary Harris PG Lonzo Ball SF Buddy Hield UTIL Jeff Green G Mike James F Tyler Cavanaugh",NA,"Kyle Korver","F","3.82%",23.75
55,955475966,"louie405philly",0,294,"SF Ben Simmons C Kristaps Porzingis PF Andrew Wiggins UTIL Rondae Hollis-Jefferson SG Jamal Murray G JJ Redick PG Jordan Clarkson F Richaun Holmes",NA,"Kenneth Faried","F","3.60%",0
56,955009221,"TheGusto7",0,293.25,"F LeBron James C Kristaps Porzingis PG Spencer Dinwiddie UTIL Taj Gibson SG Buddy Hield SF Wilson Chandler G Tomas Satoransky PF Tyler Cavanaugh",NA,"Tyler Ulis","PG","3.60%",19.75
56,955744309,"sasmallen (4/4)",0,293.25,"C Joel Embiid SG Jimmy Butler F T.J. Warren PG Spencer Dinwiddie SF Rondae Hollis-Jefferson UTIL Julius Randle G Wesley Matthews PF Tyler Cavanaugh",NA,"Avery Bradley","SG","3.60%",7.25
58,955254544,"Lynx1231 (11/12)",0,293,"C Karl-Anthony Towns SG Jimmy Butler G Jeff Teague PF Enes Kanter PG Spencer Dinwiddie F Andrew Wiggins SF Wilson Chandler UTIL Bogdan Bogdanovic",NA,"Courtney Lee","SF","3.60%",23.25
58,955312018,"markaw4",0,293,"G Bradley Beal UTIL Jimmy Butler PG Spencer Dinwiddie C Taj Gibson PF Rondae Hollis-Jefferson SG Caris LeVert SF DeMarre Carroll F Allen Crabbe",NA,"Jahlil Okafor","UTIL","3.60%",0
60,955254540,"Lynx1231 (7/12)",0,292,"C Karl-Anthony Towns SG Jimmy Butler PG Lonzo Ball G Jeff Teague PF Andrew Wiggins SF Rondae Hollis-Jefferson F Josh Jackson UTIL Bogdan Bogdanovic",NA,"Joel Embiid","UTIL","3.60%",58
60,955548223,"moneyonmymind (10/10)",0,292,"UTIL Joel Embiid SG Bradley Beal C Kristaps Porzingis PG Lonzo Ball G Allen Crabbe F Wilson Chandler PF Tyler Cavanaugh SF Timothé Luwawu-Cabarrot",NA,"Taj Gibson","UTIL","3.15%",32.5
62,955730301,"Ptrav11",0,291.75,"SF LeBron James C Joel Embiid PG Spencer Dinwiddie UTIL Rondae Hollis-Jefferson PF Julius Randle G Tomas Satoransky F Tyler Cavanaugh SG Bogdan Bogdanovic",NA,"Greg Monroe","F","3.15%",0
62,955742579,"jbuddpicks (3/7)",0,291.75,"PF Kristaps Porzingis UTIL Jimmy Butler SF Brandon Ingram PG Lonzo Ball C Dario Saric G Buddy Hield SG J.J. Barea F Tyler Cavanaugh",NA,"Kentavious Caldwell-Pope","SG","2.92%",41
64,955743582,"howardvan",0,291.5,"F LeBron James UTIL Kristaps Porzingis PG Dennis Schroder G Kentavious Caldwell-Pope SG J.J. Barea SF J.R. Smith PF Tyler Cavanaugh C Gorgui Dieng",NA,"Brook Lopez","C","2.92%",24.5
64,955744207,"jbuddpicks (5/7)",0,291.5,"C Andre Drummond PF Kristaps Porzingis SF Brandon Ingram PG Lonzo Ball SG Spencer Dinwiddie G J.J. Barea F Tyler Cavanaugh UTIL Richaun Holmes",NA,"Harrison Barnes","SF","2.47%",30.5
66,955447871,"yourboyrappy",0,291.25,"SF LeBron James SG Jimmy Butler PG Spencer Dinwiddie C Dario Saric PF Kyle Kuzma F Julius Randle UTIL Tyson Chandler G Ish Smith",NA,"Gorgui Dieng","F","2.47%",14.75
66,955627108,"ecsal",0,291.25,"C Karl-Anthony Towns UTIL Kristaps Porzingis G Dennis Schroder PG Spencer Dinwiddie SF Buddy Hield SG J.J. Barea F Wilson Chandler PF Tyler Cavanaugh",NA,"Frank Ntilikina","UTIL","2.47%",29.75
68,954814410,"MSVS (1/20)",0,291,"F LeBron James C Kristaps Porzingis UTIL T.J. Warren PG Spencer Dinwiddie PF Julius Randle SF Josh Jackson SG Tomas Satoransky G Yogi Ferrell",NA,"Marquese Chriss","C","2.47%",21.5
68,954814411,"MSVS (2/20)",0,291,"F LeBron James C Kristaps Porzingis UTIL T.J. Warren PG Spencer Dinwiddie PF Julius Randle SF Josh Jackson SG Tomas Satoransky G Yogi Ferrell",NA,"Maxi Kleber","PF","2.47%",10.5
68,954814412,"MSVS (3/20)",0,291,"F LeBron James C Kristaps Porzingis UTIL T.J. Warren PG Spencer Dinwiddie PF Julius Randle SF Josh Jackson SG Tomas Satoransky G Yogi Ferrell",NA,"Ish Smith","PG","2.47%",20
68,954814413,"MSVS (4/20)",0,291,"F LeBron James C Kristaps Porzingis UTIL T.J. Warren PG Spencer Dinwiddie PF Julius Randle SF Josh Jackson SG Tomas Satoransky G Yogi Ferrell",NA,"Willie Cauley-Stein","PF","2.25%",23.5
68,954814414,"MSVS (5/20)",0,291,"F LeBron James C Kristaps Porzingis UTIL T.J. Warren PG Spencer Dinwiddie PF Julius Randle SF Josh Jackson SG Tomas Satoransky G Yogi Ferrell",NA,"DeMarre Carroll","SF","2.25%",29
68,954814415,"MSVS (6/20)",0,291,"F LeBron James C Kristaps Porzingis UTIL T.J. Warren PG Spencer Dinwiddie PF Julius Randle SF Josh Jackson SG Tomas Satoransky G Yogi Ferrell",NA,"Dirk Nowitzki","C","2.02%",11.5
68,954814416,"MSVS (7/20)",0,291,"F LeBron James C Kristaps Porzingis UTIL T.J. Warren PG Spencer Dinwiddie PF Julius Randle SF Josh Jackson SG Tomas Satoransky G Yogi Ferrell",NA,"Tyler Zeller","UTIL","2.02%",24.5
68,954814417,"MSVS (8/20)",0,291,"F LeBron James C Kristaps Porzingis UTIL T.J. Warren PG Spencer Dinwiddie PF Julius Randle SF Josh Jackson SG Tomas Satoransky G Yogi Ferrell",NA,"Patty Mills","PG","2.02%",18.25
68,954814418,"MSVS (9/20)",0,291,"F LeBron James C Kristaps Porzingis UTIL T.J. Warren PG Spencer Dinwiddie PF Julius Randle SF Josh Jackson SG Tomas Satoransky G Yogi Ferrell",NA,"Jae Crowder","F","2.02%",17.75
68,954814419,"MSVS (10/20)",0,291,"F LeBron James C Kristaps Porzingis UTIL T.J. Warren PG Spencer Dinwiddie PF Julius Randle SF Josh Jackson SG Tomas Satoransky G Yogi Ferrell",NA,"Markieff Morris","F","1.80%",6.75
68,954814420,"MSVS (11/20)",0,291,"F LeBron James C Kristaps Porzingis UTIL T.J. Warren PG Spencer Dinwiddie PF Julius Randle SF Josh Jackson SG Tomas Satoransky G Yogi Ferrell",NA,"Kelly Oubre Jr.","UTIL","1.80%",26.25
68,954814421,"MSVS (12/20)",0,291,"F LeBron James C Kristaps Porzingis UTIL T.J. Warren PG Spencer Dinwiddie PF Julius Randle SF Josh Jackson SG Tomas Satoransky G Yogi Ferrell",NA,"Mason Plumlee","C","1.80%",32.25
68,954814422,"MSVS (13/20)",0,291,"F LeBron James C Kristaps Porzingis UTIL T.J. Warren PG Spencer Dinwiddie PF Julius Randle SF Josh Jackson SG Tomas Satoransky G Yogi Ferrell",NA,"Kawhi Leonard","SF","1.57%",26.5
68,954814423,"MSVS (14/20)",0,291,"F LeBron James C Kristaps Porzingis UTIL T.J. Warren PG Spencer Dinwiddie PF Julius Randle SF Josh Jackson SG Tomas Satoransky G Yogi Ferrell",NA,"Gary Harris","SG","1.57%",36.5
68,954814424,"MSVS (15/20)",0,291,"F LeBron James C Kristaps Porzingis UTIL T.J. Warren PG Spencer Dinwiddie PF Julius Randle SF Josh Jackson SG Tomas Satoransky G Yogi Ferrell",NA,"Kyle O'Quinn","C","1.57%",15.75
68,954814425,"MSVS (16/20)",0,291,"F LeBron James C Kristaps Porzingis UTIL T.J. Warren PG Spencer Dinwiddie PF Julius Randle SF Josh Jackson SG Tomas Satoransky G Yogi Ferrell",NA,"Taurean Prince","SG","1.57%",41.75
68,954814426,"MSVS (17/20)",0,291,"F LeBron James C Kristaps Porzingis UTIL T.J. Warren PG Spencer Dinwiddie PF Julius Randle SF Josh Jackson SG Tomas Satoransky G Yogi Ferrell",NA,"Mike Scott","PF","1.57%",15.75
68,954814427,"MSVS (18/20)",0,291,"F LeBron James C Kristaps Porzingis UTIL T.J. Warren PG Spencer Dinwiddie PF Julius Randle SF Josh Jackson SG Tomas Satoransky G Yogi Ferrell",NA,"Dwyane Wade","UTIL","1.35%",0
68,954814428,"MSVS (19/20)",0,291,"F LeBron James C Kristaps Porzingis UTIL T.J. Warren PG Spencer Dinwiddie PF Julius Randle SF Josh Jackson SG Tomas Satoransky G Yogi Ferrell",NA,"Skal Labissiere","UTIL","1.35%",13.5
68,954814429,"MSVS (20/20)",0,291,"F LeBron James C Kristaps Porzingis UTIL T.J. Warren PG Spencer Dinwiddie PF Julius Randle SF Josh Jackson SG Tomas Satoransky G Yogi Ferrell",NA,"George Hill","UTIL","1.35%",36.75
68,955737609,"jpmacedonia",0,291,"C Karl-Anthony Towns SG Bradley Beal PF T.J. Warren PG Spencer Dinwiddie SF Andrew Wiggins UTIL DeMarre Carroll F Wilson Chandler G Yogi Ferrell",NA,"Jamal Murray","SG","1.35%",40.5
89,955069242,"batman8964 (1/3)",0,290.5,"UTIL Andre Drummond F Kristaps Porzingis SG Jimmy Butler PG Spencer Dinwiddie SF Rondae Hollis-Jefferson C Tyson Chandler G Tomas Satoransky PF Tyler Cavanaugh",NA,"Malcolm Delaney","PG","1.12%",3.5
90,955362645,"Orcachow (6/6)",0,290,"PF Kristaps Porzingis SG Jimmy Butler SF T.J. Warren UTIL Lonzo Ball PG Spencer Dinwiddie F Ersan Ilyasova C Julius Randle G Frank Mason III",NA,"Rudy Gay","SF","1.12%",35.75
90,955725787,"mikeyruger",0,290,"PF Kristaps Porzingis C Kevin Love SG Jimmy Butler PG Spencer Dinwiddie UTIL Rondae Hollis-Jefferson G De'Aaron Fox F Wilson Chandler SF Josh Jackson",NA,"Emmanuel Mudiay","PG","1.12%",4.5
90,955730641,"GetMoney1976",0,290,"C Karl-Anthony Towns PF Kristaps Porzingis SG Jimmy Butler G Brandon Ingram SF Ersan Ilyasova F Wilson Chandler PG Mike James UTIL Tyler Cavanaugh",NA,"Anthony Tolliver","UTIL","0.90%",9.75
90,955738137,"aysjays1 (2/3)",0,290,"PF Kristaps Porzingis SG Jimmy Butler F Zach Randolph UTIL T.J. Warren SF Rondae Hollis-Jefferson G Caris LeVert PG Mike James C Gorgui Dieng",NA,"Jamal Crawford","G","0.90%",12
90,955743653,"Weedle (1/2)",0,290,"C Kristaps Porzingis UTIL Jimmy Butler PG Lonzo Ball SF Rondae Hollis-Jefferson F Dario Saric G Buddy Hield PF Ersan Ilyasova SG Wesley Matthews",NA,"Richaun Holmes","F","0.90%",34.75
95,955693627,"vasquez28 (1/2)",0,289.5,"C Karl-Anthony Towns SG Jimmy Butler SF Will Barton PG Jeff Teague PF Andrew Wiggins F Rondae Hollis-Jefferson UTIL Ish Smith G Yogi Ferrell",NA,"Tim Frazier","PG","0.90%",12.25
95,955698693,"vasquez28 (2/2)",0,289.5,"C Karl-Anthony Towns SG Jimmy Butler SF Will Barton PG Jeff Teague PF Andrew Wiggins F Rondae Hollis-Jefferson UTIL Ish Smith G Yogi Ferrell",NA,"Langston Galloway","PG","0.67%",23
97,955294420,"Terrell7",0,289.25,"SF LeBron James UTIL Jimmy Butler PF Taj Gibson SG Caris LeVert C Julius Randle G Wesley Matthews F Trevor Booker PG Mike James",NA,"Justin Jackson","UTIL","0.67%",0
98,955550277,"winz297",0,288.75,"SF LeBron James C Karl-Anthony Towns SG Jimmy Butler PF Andrew Wiggins PG Patty Mills UTIL J.R. Smith F Kyle Korver G Jamal Crawford",NA,"Tony Parker","UTIL","0.67%",18.25
98,955743686,"rbcues (11/20)",0,288.75,"SF LeBron James SG Jimmy Butler PG Spencer Dinwiddie PF Rondae Hollis-Jefferson UTIL Julius Randle F Alex Len C Tyson Chandler G Frank Mason III",NA,"DeAndre' Bembry","F","0.67%",19.75
100,955538487,"Glaze (5/6)",0,288.5,"UTIL LeBron James SF Otto Porter Jr. PF Zach Randolph G Spencer Dinwiddie SG Kent Bazemore C Mason Plumlee PG Tyler Ulis F Tyler Cavanaugh",NA,"Davis Bertans","F","0.67%",0
101,955065354,"amyzz_janoris (2/3)",0,288,"PF LeBron James C Karl-Anthony Towns SG Jimmy Butler G J.J. Barea SF Wesley Matthews PG Patty Mills UTIL Tomas Satoransky F Gorgui Dieng",NA,"Jarrett Allen","C","0.67%",17.5
101,955254536,"Lynx1231 (3/12)",0,288,"F LeBron James C Karl-Anthony Towns G Jimmy Butler PF Andrew Wiggins SF Wilson Chandler SG J.R. Smith UTIL Bogdan Bogdanovic PG Malcolm Delaney",NA,"Channing Frye","UTIL","0.67%",12.75
101,955445800,"jdehaven10",0,288,"PF Kristaps Porzingis SG Jimmy Butler PG Jeff Teague C Enes Kanter SF Andrew Wiggins F Rondae Hollis-Jefferson UTIL Julius Randle G Frank Mason III",NA,"Reggie Bullock","F","0.67%",11.5
101,955743688,"rbcues (13/20)",0,288,"F LeBron James UTIL Kristaps Porzingis PF T.J. Warren SF Rondae Hollis-Jefferson C Tyson Chandler SG Allen Crabbe PG Frank Mason III G Tomas Satoransky",NA,"José Calderón","G","0.67%",25.25
105,955479229,"Xx_Cle_Yates_440_xX",0,287.75,"C Kristaps Porzingis SG Jimmy Butler UTIL T.J. Warren SF Brandon Ingram PG Spencer Dinwiddie G Jordan Clarkson F Wesley Matthews PF Jeff Green",NA,"Troy Daniels","SG","0.45%",16.5
105,955683824,"Jwaz (3/20)",0,287.75,"C Andre Drummond UTIL Kristaps Porzingis SG Jimmy Butler PF Rondae Hollis-Jefferson SF JJ Redick G Wesley Matthews F Allen Crabbe PG Tomas Satoransky",NA,"T.J. McConnell","PG","0.45%",18
105,955742357,"jbuddpicks (2/7)",0,287.75,"G Jimmy Butler F Otto Porter Jr. PG Lonzo Ball SG Spencer Dinwiddie C Taj Gibson SF JJ Redick UTIL Kent Bazemore PF Ersan Ilyasova",NA,"Isaiah Whitehead","UTIL","0.45%",0
108,955670113,"m4ch1n3m4n (4/5)",0,287.5,"UTIL Kristaps Porzingis SG Jimmy Butler SF T.J. Warren PF Enes Kanter G Spencer Dinwiddie F Willie Cauley-Stein C Tyson Chandler PG Tyler Ulis",NA,"Stanley Johnson","G","0.45%",2.75
109,955334287,"wencesace21 (1/2)",0,287.25,"PF Kristaps Porzingis SG Jimmy Butler C Zach Randolph PG Spencer Dinwiddie UTIL Reggie Jackson F Ersan Ilyasova G Allen Crabbe SF Wilson Chandler",NA,"Ron Baker","UTIL","0.45%",5.5
109,955683840,"Jwaz (19/20)",0,287.25,"F Ben Simmons UTIL Kristaps Porzingis SG Jimmy Butler PF Dario Saric SF JJ Redick C Alex Len PG Mike James G Yogi Ferrell",NA,"Dejounte Murray","PG","0.45%",2.5
111,955743680,"rbcues (5/20)",0,286.75,"SF LeBron James SG Jimmy Butler PG Spencer Dinwiddie PF Rondae Hollis-Jefferson UTIL Julius Randle F Alex Len C Tyson Chandler G Tomas Satoransky",NA,"Vince Carter","SF","0.45%",0
112,955737781,"TEDDYB12345y",0,286.5,"UTIL LeBron James C Karl-Anthony Towns F Kristaps Porzingis G Lonzo Ball PF Marquese Chriss SG Kyle Korver SF Anthony Tolliver PG Tyler Ennis",NA,"Timothé Luwawu-Cabarrot","UTIL","0.45%",5.75
113,955730810,"Mangone",0,286.25,"UTIL Andre Drummond PF Kristaps Porzingis G Jimmy Butler PG Lonzo Ball C Julius Randle SG Wesley Matthews SF Wilson Chandler F Tyler Cavanaugh",NA,"Joe Harris","SG","0.45%",12
114,955078809,"batman8964 (3/3)",0,286,"SF LeBron James UTIL Kristaps Porzingis SG Spencer Dinwiddie PG Reggie Jackson F Julius Randle PF Alex Len C Tyson Chandler G Tomas Satoransky",NA,"Luke Kennard","UTIL","0.45%",3.5
115,955643734,"GLSchic",0,285.5,"SF Ben Simmons PF Kristaps Porzingis PG Lonzo Ball F Enes Kanter SG Spencer Dinwiddie C Tyson Chandler UTIL Mike James G Yogi Ferrell",NA,"Ramon Sessions","G","0.45%",0
115,955686066,"DanManTX",0,285.5,"F LeBron James SG Jimmy Butler SF T.J. Warren PG Spencer Dinwiddie C Julius Randle G Wesley Matthews UTIL Marquese Chriss PF Tyler Cavanaugh",NA,"Amir Johnson","PF","0.45%",3.5
117,955476295,"BarbarianHorde",0,285.25,"F Kristaps Porzingis UTIL Jimmy Butler SG Brandon Ingram PG Lonzo Ball PF Enes Kanter C Julius Randle G Jarrett Jack SF Wilson Chandler",NA,"Pau Gasol","C","0.45%",13.75
117,955683826,"Jwaz (5/20)",0,285.25,"F Ben Simmons UTIL Kristaps Porzingis SG Jimmy Butler PF Rondae Hollis-Jefferson C Alex Len G Wesley Matthews SF Allen Crabbe PG Mike James",NA,"Damyean Dotson","SG","0.45%",0
117,955743663,"fozzyfresh",0,285.25,"UTIL Bradley Beal C Kristaps Porzingis G Jimmy Butler F Enes Kanter SF Buddy Hield SG Jordan Clarkson PF Trey Lyles PG Frank Ntilikina",NA,"Richard Jefferson","PF","0.22%",0
120,955719763,"Kbigga",0,285,"C Karl-Anthony Towns PF Kristaps Porzingis SG Jimmy Butler F T.J. Warren UTIL Ersan Ilyasova G Wesley Matthews PG Mike James SF Doug McDermott",NA,"Ian Mahinmi","C","0.22%",0
121,955748959,"bimboboy (2/3)",0,284.5,"SF LeBron James C Karl-Anthony Towns PG Spencer Dinwiddie G Caris LeVert F Buddy Hield SG Allen Crabbe PF Jae Crowder UTIL Tyler Zeller",NA,"Tristan Thompson","C","0.22%",0
122,955357800,"Orcachow (3/6)",0,284.25,"SF Ben Simmons C Kristaps Porzingis SG Jimmy Butler G Spencer Dinwiddie F Julius Randle UTIL Wilson Chandler PF Jeff Green PG Yogi Ferrell",NA,"Jakarr Sampson","UTIL","0.22%",0
122,955683822,"Jwaz (1/20)",0,284.25,"PG Ben Simmons UTIL Kristaps Porzingis SG Jimmy Butler PF Rondae Hollis-Jefferson C Julius Randle F Alex Len SF Allen Crabbe G Yogi Ferrell",NA,"Joffrey Lauvergne","PF","0.22%",5.25
124,955743687,"rbcues (12/20)",0,284,"C Joel Embiid SG Bradley Beal UTIL Kristaps Porzingis SF T.J. Warren F Marquese Chriss PG Frank Mason III PF Tyler Cavanaugh G Bogdan Bogdanovic",NA,"Kosta Koufos","UTIL","0.22%",22.5
125,955710183,"nickmason1922 (2/6)",0,283.25,"C Kristaps Porzingis SF Will Barton PG Lonzo Ball SG Spencer Dinwiddie UTIL Andrew Wiggins G Buddy Hield PF Willie Cauley-Stein F Jeff Green",NA,"Michael Beasley","SF","0.22%",23.75
125,955744117,"vikingfan101",0,283.25,"PF Kristaps Porzingis SF Otto Porter Jr. C Zach Randolph F T.J. Warren UTIL Enes Kanter PG Spencer Dinwiddie G George Hill SG Kyle Korver",NA,"Danny Green","SG","0.22%",11.75
127,955743692,"rbcues (17/20)",0,283,"C Kristaps Porzingis SG Jimmy Butler F T.J. Warren PG Spencer Dinwiddie PF Rondae Hollis-Jefferson SF Ersan Ilyasova UTIL Julius Randle G Frank Mason III",NA,"Dwight Powell","C","0.22%",30
128,955743677,"rbcues (2/20)",0,282.75,"UTIL Joel Embiid SG Jimmy Butler SF T.J. Warren PG Spencer Dinwiddie PF Rondae Hollis-Jefferson F Julius Randle C Tyson Chandler G Tomas Satoransky",NA,"Larry Nance Jr.","F","0.22%",17.75
129,955740058,"darko3131",0,282.5,"SF LeBron James C Kristaps Porzingis PF Dario Saric G Caris LeVert SG Buddy Hield UTIL Ersan Ilyasova F Tyler Cavanaugh PG Yogi Ferrell",NA,"Tyler Ennis","PG","0.22%",0
130,955449730,"Jthayesjr (3/3)",0,281.5,"C Karl-Anthony Towns SG Jimmy Butler UTIL Zach Randolph G Lonzo Ball PF Taj Gibson SF Ersan Ilyasova PG Jarrett Jack F J.R. Smith",NA,"Salah Mejri","UTIL","0.22%",5.75
131,955117876,"qm1993",0,281,"SF LeBron James PF Kevin Love SG Jimmy Butler PG Reggie Jackson C Tyson Chandler UTIL George Hill G Bogdan Bogdanovic F Jae Crowder",NA,"Miles Plumlee","UTIL","0.22%",6
131,955254543,"Lynx1231 (10/12)",0,281,"C Karl-Anthony Towns SG Jimmy Butler G Dennis Schroder PG Lonzo Ball PF Andrew Wiggins SF Wilson Chandler F Josh Jackson UTIL Bogdan Bogdanovic",NA,"Quincy Acy","C","0.22%",5
131,955492173,"allen1521",0,281,"SF LeBron James F Will Barton G Lonzo Ball PG Spencer Dinwiddie PF Ersan Ilyasova SG Wesley Matthews C Trevor Booker UTIL Tyler Cavanaugh",NA,"Garrett Temple","G","0.22%",4
131,955536832,"Glaze (4/6)",0,281,"F Ben Simmons C Karl-Anthony Towns G Jimmy Butler UTIL Andrew Wiggins SG JJ Redick SF Jeff Green PF Tyler Cavanaugh PG Yogi Ferrell",NA,"Juancho Hernangómez","F","0.22%",2.25
131,955743689,"rbcues (14/20)",0,281,"C Kristaps Porzingis SG Jimmy Butler F T.J. Warren PG Spencer Dinwiddie PF Rondae Hollis-Jefferson SF Ersan Ilyasova UTIL Julius Randle G Tomas Satoransky",NA,"Guillermo Hernangómez","F","0.22%",0
136,955677569,"Cee356 (2/2)",0,280.75,"SF LeBron James PF LaMarcus Aldridge PG Spencer Dinwiddie C Dario Saric SG JJ Redick G Jarrett Jack UTIL Wilson Chandler F Jae Crowder",NA,"Shabazz Muhammad","F","0.22%",0
137,955254541,"Lynx1231 (8/12)",0,280.5,"C Karl-Anthony Towns SG Jimmy Butler PF Zach Randolph G Brandon Ingram PG Spencer Dinwiddie UTIL Kyle Kuzma F Wilson Chandler SF Doug McDermott",NA,"Lance Thomas","PF","0.22%",10.75
137,955330530,"m4ch1n3m4n (2/5)",0,280.5,"C Andre Drummond F Kristaps Porzingis PG Lonzo Ball SG Spencer Dinwiddie SF Kent Bazemore G Avery Bradley UTIL Brook Lopez PF Trey Lyles",NA,"","","",NA
137,955683834,"Jwaz (13/20)",0,280.5,"C Andre Drummond F Kristaps Porzingis SG Jimmy Butler UTIL Dario Saric SF JJ Redick PF Alex Len G Wesley Matthews PG Frank Mason III",NA,"","","",NA
137,955727454,"kirbyville",0,280.5,"C Karl-Anthony Towns PF Kristaps Porzingis SF T.J. Warren PG Jeff Teague SG Spencer Dinwiddie F Kyle Kuzma G Wesley Matthews UTIL Davis Bertans",NA,"","","",NA
141,955355855,"DiegoKokomo",0,280,"C Andre Drummond PF Kristaps Porzingis SG Jimmy Butler PG Spencer Dinwiddie SF DeMarre Carroll F Julius Randle G Tomas Satoransky UTIL Tyler Cavanaugh",NA,"","","",NA
141,955744334,"jbuddpicks (6/7)",0,280,"C Andre Drummond PF Kristaps Porzingis SG Jimmy Butler G Will Barton UTIL Tyson Chandler SF Wilson Chandler F Tyler Cavanaugh PG Yogi Ferrell",NA,"","","",NA
143,955726448,"trw4233",0,279.75,"PG Ben Simmons C Kristaps Porzingis SG Jimmy Butler UTIL Kyle Kuzma PF Julius Randle F Kelly Oubre Jr. SF Wesley Matthews G Allen Crabbe",NA,"","","",NA
144,955330607,"TheHentryOfEver (1/2)",0,279.25,"UTIL LeBron James PG Spencer Dinwiddie C Dario Saric SG Caris LeVert SF JJ Redick PF Kyle Kuzma F Ersan Ilyasova G Wesley Matthews",NA,"","","",NA
144,955743605,"kbull25",0,279.25,"G Ben Simmons C Kristaps Porzingis UTIL Zach Randolph PG Spencer Dinwiddie PF Dario Saric SF Wilson Chandler F Trey Lyles SG Yogi Ferrell",NA,"","","",NA
146,955683836,"Jwaz (15/20)",0,278.75,"PG Ben Simmons UTIL Kristaps Porzingis SG Jimmy Butler F Dario Saric PF Julius Randle C Alex Len SF Wesley Matthews G Yogi Ferrell",NA,"","","",NA
147,955733932,"clapnow (10/11)",0,278.5,"G Bradley Beal F Kristaps Porzingis PF Kevin Love C Zach Randolph SG Jordan Clarkson SF Wilson Chandler PG Mike James UTIL Tyler Cavanaugh",NA,"","","",NA
148,955566033,"davish",0,278.25,"SG Jimmy Butler SF Will Barton C Zach Randolph PF Enes Kanter PG Spencer Dinwiddie F Dario Saric UTIL Kyle Kuzma G Bogdan Bogdanovic",NA,"","","",NA
148,955733930,"clapnow (8/11)",0,278.25,"SG Bradley Beal C Kristaps Porzingis G Jimmy Butler SF Otto Porter Jr. PF Ersan Ilyasova F Wilson Chandler PG Mike James UTIL Yogi Ferrell",NA,"","","",NA
150,955683823,"Jwaz (2/20)",0,278,"PG Ben Simmons F Kristaps Porzingis SG Jimmy Butler SF JJ Redick C Julius Randle PF Alex Len G Wesley Matthews UTIL Allen Crabbe",NA,"","","",NA
151,955743676,"rbcues (1/20)",0,277.75,"F LeBron James UTIL Kristaps Porzingis SF T.J. Warren SG JJ Redick C Julius Randle PF Alex Len G Frank Mason III PG Tomas Satoransky",NA,"","","",NA
152,955330469,"m4ch1n3m4n (1/5)",0,277.5,"C Andre Drummond PF Kristaps Porzingis SG Jimmy Butler SF Andrew Wiggins F Kent Bazemore PG De'Aaron Fox G Jarrett Jack UTIL Skal Labissiere",NA,"","","",NA
153,955537095,"moneyonmymind (3/10)",0,277.25,"SF LeBron James C Kristaps Porzingis F Enes Kanter G Spencer Dinwiddie PF Kenneth Faried UTIL Tyler Ulis SG J.R. Smith PG Yogi Ferrell",NA,"","","",NA
153,955710589,"nickmason1922 (6/6)",0,277.25,"C Joel Embiid SG Bradley Beal PF Kristaps Porzingis SF Andrew Wiggins UTIL Alex Len G Emmanuel Mudiay PG Frank Mason III F Tyler Cavanaugh",NA,"","","",NA
153,955714961,"im-keith-hernandez (2/2)",0,277.25,"PG Ben Simmons C Kristaps Porzingis SG Jimmy Butler PF Rondae Hollis-Jefferson F Ersan Ilyasova SF Wesley Matthews UTIL Wilson Chandler G Yogi Ferrell",NA,"","","",NA
156,955691128,"Teblows0420 (2/3)",0,277,"C Kristaps Porzingis PF LaMarcus Aldridge SG Will Barton PG Spencer Dinwiddie SF Caris LeVert UTIL Marcin Gortat G J.J. Barea F Maxi Kleber",NA,"","","",NA
157,955357786,"Orcachow (2/6)",0,276.75,"C Andre Drummond PF Kristaps Porzingis SG Jimmy Butler SF T.J. Warren PG Spencer Dinwiddie G Frank Mason III F Tyler Cavanaugh UTIL Jarrett Allen",NA,"","","",NA
157,955748463,"jackasas93",0,276.75,"UTIL Kristaps Porzingis C LaMarcus Aldridge F Kevin Love PG Lonzo Ball G Courtney Lee PF Alex Len SF Josh Jackson SG J.R. Smith",NA,"","","",NA
159,955332780,"dday711",0,276.5,"PF LeBron James F Zach Randolph SF T.J. Warren PG Spencer Dinwiddie SG Buddy Hield UTIL Wilson Chandler C Trevor Booker G Yogi Ferrell",NA,"","","",NA
159,955736848,"nikolsberg (1/5)",0,276.5,"C Andre Drummond UTIL Karl-Anthony Towns PF Kristaps Porzingis G Lonzo Ball PG De'Aaron Fox SF Wilson Chandler SG Yogi Ferrell F Jae Crowder",NA,"","","",NA
161,955743678,"rbcues (3/20)",0,276.25,"UTIL LeBron James SG Jimmy Butler PG Spencer Dinwiddie F Rondae Hollis-Jefferson SF Ersan Ilyasova PF Julius Randle C Tyson Chandler G Tomas Satoransky",NA,"","","",NA
162,955538067,"moneyonmymind (5/10)",0,275.75,"C Karl-Anthony Towns SG Bradley Beal F Otto Porter Jr. G Spencer Dinwiddie PF Rondae Hollis-Jefferson UTIL Jordan Clarkson SF Allen Crabbe PG Mike James",NA,"","","",NA
162,955742941,"jbuddpicks (4/7)",0,275.75,"UTIL Andre Drummond C Karl-Anthony Towns G Jimmy Butler SG Spencer Dinwiddie SF Markieff Morris PG J.J. Barea F Tyler Cavanaugh PF Richaun Holmes",NA,"","","",NA
164,955733931,"clapnow (9/11)",0,275.5,"SG Bradley Beal F Kristaps Porzingis G Jimmy Butler SF Rondae Hollis-Jefferson PF Dario Saric C Greg Monroe PG Jarrett Jack UTIL Tyler Cavanaugh",NA,"","","",NA
165,955683828,"Jwaz (7/20)",0,275,"F Ben Simmons UTIL Kristaps Porzingis SG Jimmy Butler SF JJ Redick C Julius Randle PF Alex Len G Wesley Matthews PG Mike James",NA,"","","",NA
165,955748761,"chuck41 (1/2)",0,275,"C Andre Drummond PF Kristaps Porzingis SG Jimmy Butler F Caris LeVert G Buddy Hield UTIL Tyson Chandler SF Wesley Matthews PG Frank Ntilikina",NA,"","","",NA
167,954952077,"BeeSoDope",0,274.75,"SF Ben Simmons C Kristaps Porzingis SG Will Barton PG Spencer Dinwiddie UTIL Dario Saric F Trey Lyles PF Tyler Cavanaugh G Yogi Ferrell",NA,"","","",NA
168,955683841,"Jwaz (20/20)",0,274.5,"F Ben Simmons C Karl-Anthony Towns PF Kristaps Porzingis SG JJ Redick UTIL Julius Randle SF Wesley Matthews PG Mike James G Frank Mason III",NA,"","","",NA
168,955734620,"joshlee3574",0,274.5,"PF Kristaps Porzingis C LaMarcus Aldridge PG Lonzo Ball SF Andrew Wiggins G Reggie Jackson SG Kentavious Caldwell-Pope UTIL Dwyane Wade F J.R. Smith",NA,"","","",NA
170,955023246,"heythecat",0,274,"C Andre Drummond F Kristaps Porzingis SG Jimmy Butler SF Rondae Hollis-Jefferson UTIL Marcin Gortat G Jordan Clarkson PG Mike James PF Tyler Cavanaugh",NA,"","","",NA
170,955209557,"ItsMyk",0,274,"F LeBron James PF T.J. Warren PG Spencer Dinwiddie C Taj Gibson SG Kentavious Caldwell-Pope SF JJ Redick UTIL Jahlil Okafor G Yogi Ferrell",NA,"","","",NA
172,955536509,"moneyonmymind (1/10)",0,273.5,"PF Kristaps Porzingis UTIL Zach Randolph SF Brandon Ingram PG Lonzo Ball F Enes Kanter SG Kentavious Caldwell-Pope G De'Aaron Fox C Brook Lopez",NA,"","","",NA
172,955734400,"JeffElJefe",0,273.5,"F Ben Simmons C Karl-Anthony Towns G Jimmy Butler SF Andrew Wiggins SG JJ Redick PG Mike James UTIL Frank Mason III PF Tyler Cavanaugh",NA,"","","",NA
174,955527401,"gdaddy80 (3/4)",0,273,"C Andre Drummond SG Jimmy Butler PG Lonzo Ball G Spencer Dinwiddie F Dario Saric UTIL J.J. Barea PF Julius Randle SF Trey Lyles",NA,"","","",NA
174,955737270,"nikolsberg (3/5)",0,273,"F Kristaps Porzingis G Dennis Schroder SF T.J. Warren PG Lonzo Ball PF Dario Saric SG Caris LeVert C Tyson Chandler UTIL Wilson Chandler",NA,"","","",NA
176,955636633,"howder66",0,272.5,"C Kristaps Porzingis SG Will Barton SF Otto Porter Jr. UTIL T.J. Warren PG Lonzo Ball G J.J. Barea F Wilson Chandler PF Tyler Cavanaugh",NA,"","","",NA
177,955181186,"Manuelpr",0,272.25,"F LeBron James C Kristaps Porzingis SF Courtney Lee PG Dwyane Wade SG Kent Bazemore G J.J. Barea PF Jeff Green UTIL Kyle O'Quinn",NA,"","","",NA
177,955339016,"wencesace21 (2/2)",0,272.25,"C Andre Drummond PF Kristaps Porzingis SG Jimmy Butler PG Spencer Dinwiddie F Ersan Ilyasova G Allen Crabbe SF Wilson Chandler UTIL Tony Parker",NA,"","","",NA
177,955733933,"clapnow (11/11)",0,272.25,"F Kristaps Porzingis SF Will Barton UTIL Zach Randolph PF T.J. Warren PG Lonzo Ball SG Jordan Clarkson G Jarrett Jack C Marquese Chriss",NA,"","","",NA
180,955443215,"Jthayesjr (1/3)",0,272,"C Karl-Anthony Towns PF Kevin Love SG Jimmy Butler F Zach Randolph SF Ersan Ilyasova PG J.J. Barea G J.R. Smith UTIL Ish Smith",NA,"","","",NA
181,955675286,"purpnurp19 (1/7)",0,271.25,"SF LeBron James C Andre Drummond G Spencer Dinwiddie SG Kent Bazemore PF Ersan Ilyasova UTIL Jeff Green F Tyler Cavanaugh PG Yogi Ferrell",NA,"","","",NA
181,955683825,"Jwaz (4/20)",0,271.25,"C Andre Drummond UTIL Kristaps Porzingis SG Jimmy Butler F Rondae Hollis-Jefferson PF Ersan Ilyasova G Wesley Matthews SF Allen Crabbe PG Frank Mason III",NA,"","","",NA
181,955737887,"nikolsberg (4/5)",0,271.25,"G Ben Simmons C Kristaps Porzingis SF T.J. Warren PG Lonzo Ball UTIL Andrew Wiggins PF Wilson Chandler SG Yogi Ferrell F Jae Crowder",NA,"","","",NA
184,955733928,"clapnow (6/11)",0,271,"UTIL Andre Drummond F Kristaps Porzingis PF Zach Randolph SG Spencer Dinwiddie SF Kent Bazemore C Kenneth Faried PG Jarrett Jack G Yogi Ferrell",NA,"","","",NA
185,955683829,"Jwaz (8/20)",0,270.75,"F Ben Simmons PF Kristaps Porzingis SG Jimmy Butler G JJ Redick SF Ersan Ilyasova C Julius Randle UTIL Allen Crabbe PG Yogi Ferrell",NA,"","","",NA
186,955700423,"merlinmia",0,270.5,"PF Kristaps Porzingis SF T.J. Warren PG Spencer Dinwiddie UTIL Andrew Wiggins G Reggie Jackson F Rondae Hollis-Jefferson SG Buddy Hield C Marcin Gortat",NA,"","","",NA
186,955721219,"DefenselessNUN",0,270.5,"C Andre Drummond SG Bradley Beal PF Kristaps Porzingis PG Spencer Dinwiddie G Buddy Hield F Trevor Booker UTIL Tyler Cavanaugh SF Kyle Korver",NA,"","","",NA
188,955297596,"grewalrs",0,270.25,"SF LeBron James UTIL Zach Randolph PF Andrew Wiggins SG Kentavious Caldwell-Pope PG Dwyane Wade F Kent Bazemore C Marcin Gortat G Bogdan Bogdanovic",NA,"","","",NA
189,955254535,"Lynx1231 (2/12)",0,270,"PF LeBron James G Jimmy Butler F Will Barton C Zach Randolph SF Wilson Chandler UTIL George Hill SG J.R. Smith PG Malcolm Delaney",NA,"","","",NA
190,955737358,"mpetersk",0,269.75,"SF Ben Simmons PF Kristaps Porzingis UTIL T.J. Warren PG Spencer Dinwiddie F JJ Redick C Marcin Gortat G Mike James SG Yogi Ferrell",NA,"","","",NA
191,955667841,"h3budda",0,269.5,"PF LeBron James F Kristaps Porzingis UTIL T.J. Warren SF Tobias Harris C Tyson Chandler PG Tyler Ulis G J.R. Smith SG Frank Ntilikina",NA,"","","",NA
192,955720726,"jbazluke34 (1/2)",0,269.25,"SF LeBron James C Andre Drummond SG Jimmy Butler PF Rondae Hollis-Jefferson F Tyler Cavanaugh G Bogdan Bogdanovic PG Yogi Ferrell UTIL Maxi Kleber",NA,"","","",NA
192,955738563,"countryhoggers",0,269.25,"PG Ben Simmons UTIL Will Barton G Lonzo Ball F Harrison Barnes SG Kent Bazemore SF Kyle Kuzma C Mason Plumlee PF Trevor Booker",NA,"","","",NA
192,955742116,"Ben919 (4/4)",0,269.25,"C Karl-Anthony Towns SG Jimmy Butler PG Dennis Schroder SF Otto Porter Jr. UTIL Andrew Wiggins PF Wilson Chandler G Mike James F Tyler Cavanaugh",NA,"","","",NA
195,955544068,"dred0gg024",0,269,"PF Kristaps Porzingis PG Dennis Schroder UTIL Otto Porter Jr. G Lonzo Ball F Andrew Wiggins SF Courtney Lee C Mason Plumlee SG Frank Mason III",NA,"","","",NA
196,955683839,"Jwaz (18/20)",0,268.5,"C Andre Drummond UTIL Karl-Anthony Towns F Kristaps Porzingis SG JJ Redick SF Ersan Ilyasova PF Alex Len G Allen Crabbe PG Frank Mason III",NA,"","","",NA
197,955459407,"Dono69",0,267.75,"SF LeBron James C Kristaps Porzingis PF Tobias Harris SG Spencer Dinwiddie PG Avery Bradley UTIL George Hill F Kyle O'Quinn G Ish Smith",NA,"","","",NA
198,954979856,"ekimnotloh",0,267.5,"C Kristaps Porzingis UTIL Otto Porter Jr. G Brandon Ingram PG Lonzo Ball SF Rondae Hollis-Jefferson SG Kentavious Caldwell-Pope PF Ersan Ilyasova F Jeff Green",NA,"","","",NA
198,955362622,"Orcachow (4/6)",0,267.5,"C Andre Drummond PF Kristaps Porzingis SG Jimmy Butler PG Spencer Dinwiddie F Ersan Ilyasova SF Wilson Chandler UTIL Jeff Green G Frank Mason III",NA,"","","",NA
200,955329227,"chinnr2",0,267.25,"SF LeBron James C Enes Kanter PF Taj Gibson G Reggie Jackson UTIL Rudy Gay F Rondae Hollis-Jefferson PG Mike James SG J.R. Smith",NA,"","","",NA
201,955736588,"SenorBlanco777",0,267,"F Kristaps Porzingis UTIL Kevin Love PF Zach Randolph SF Tobias Harris G Kentavious Caldwell-Pope C Marcin Gortat PG Jarrett Jack SG Allen Crabbe",NA,"","","",NA
202,955494411,"nabs1976 (5/20)",0,266.5,"SF LeBron James PF T.J. Warren G Spencer Dinwiddie F Rudy Gay SG Taurean Prince C Kenneth Faried UTIL Julius Randle PG Yogi Ferrell",NA,"","","",NA
202,955683832,"Jwaz (11/20)",0,266.5,"G Ben Simmons C Kristaps Porzingis SG Jimmy Butler PF Rondae Hollis-Jefferson SF Ersan Ilyasova F Allen Crabbe PG Mike James UTIL Frank Mason III",NA,"","","",NA
204,955737536,"outlaw53",0,266.25,"PF LeBron James C Andre Drummond UTIL Spencer Dinwiddie SF Rondae Hollis-Jefferson F Wilson Chandler G Josh Jackson PG Mike James SG Yogi Ferrell",NA,"","","",NA
205,955160719,"dpenilton14",0,266,"SF Ben Simmons C Karl-Anthony Towns PF Kristaps Porzingis SG J.J. Barea PG De'Aaron Fox G Wesley Matthews UTIL Wilson Chandler F J.R. Smith",NA,"","","",NA
206,955630192,"harry101 (1/2)",0,265.75,"C Andre Drummond UTIL Jimmy Butler SF Brandon Ingram PG Lonzo Ball SG Spencer Dinwiddie F Caris LeVert G Yogi Ferrell PF Jae Crowder",NA,"","","",NA
206,955706976,"im-keith-hernandez (1/2)",0,265.75,"G Ben Simmons C Kristaps Porzingis PG Spencer Dinwiddie PF Rondae Hollis-Jefferson UTIL Dario Saric F Ersan Ilyasova SG Wesley Matthews SF Wilson Chandler",NA,"","","",NA
206,955739712,"spp282828",0,265.75,"SF LeBron James PF Kristaps Porzingis F Kawhi Leonard C Enes Kanter UTIL Brook Lopez SG J.R. Smith PG Ish Smith G Tim Frazier",NA,"","","",NA
209,955733925,"clapnow (3/11)",0,265.5,"F LeBron James PF Kevin Love PG Lonzo Ball G Reggie Jackson SG Jordan Clarkson SF Wilson Chandler C Brook Lopez UTIL Tyler Cavanaugh",NA,"","","",NA
210,955683833,"Jwaz (12/20)",0,265.25,"F Ben Simmons C Karl-Anthony Towns SG Jimmy Butler G JJ Redick PF Julius Randle UTIL Alex Len SF Wesley Matthews PG Mike James",NA,"","","",NA
211,955653377,"Wallsy12",0,265,"PF LeBron James UTIL Kristaps Porzingis F Kawhi Leonard SF DeMarre Carroll C Willie Cauley-Stein SG J.R. Smith G Ish Smith PG Tim Frazier",NA,"","","",NA
212,955254538,"Lynx1231 (5/12)",0,264.75,"C Karl-Anthony Towns F Kevin Love G Jimmy Butler PG Dennis Schroder PF Julius Randle SF Wilson Chandler SG J.R. Smith UTIL Bogdan Bogdanovic",NA,"","","",NA
212,955443223,"Jthayesjr (2/3)",0,264.75,"C Andre Drummond SG Jimmy Butler PF Taj Gibson F Rondae Hollis-Jefferson G Kentavious Caldwell-Pope SF Kent Bazemore UTIL Marcin Gortat PG De'Aaron Fox",NA,"","","",NA
214,955111210,"Joemarino27",0,264.5,"SF LeBron James G Bradley Beal PG Spencer Dinwiddie UTIL JJ Redick C Marcin Gortat F Markieff Morris PF Tyler Cavanaugh SG Yogi Ferrell",NA,"","","",NA
214,955559526,"bluestem89 (3/4)",0,264.5,"UTIL Andre Drummond C Karl-Anthony Towns F LaMarcus Aldridge PG Spencer Dinwiddie G Buddy Hield PF Trey Lyles SG Yogi Ferrell SF Kyle Korver",NA,"","","",NA
214,955672622,"harry101 (2/2)",0,264.5,"SF LeBron James SG Jimmy Butler G Will Barton PG Jeff Teague F Wesley Matthews UTIL Trey Lyles C Richaun Holmes PF Amir Johnson",NA,"","","",NA
217,955742113,"Ben919 (1/4)",0,264.25,"PF LeBron James C Karl-Anthony Towns G Reggie Jackson F Dario Saric SG J.J. Barea PG De'Aaron Fox SF Jeff Green UTIL Kyle Korver",NA,"","","",NA
218,955136747,"bhs4life",0,264,"F Kristaps Porzingis SG Jimmy Butler G Will Barton C Dario Saric UTIL Caris LeVert SF Buddy Hield PF Ersan Ilyasova PG Frank Mason III",NA,"","","",NA
219,955078198,"batman8964 (2/3)",0,263.25,"C Andre Drummond SG Bradley Beal G Jimmy Butler PG Spencer Dinwiddie SF Rondae Hollis-Jefferson F Alex Len UTIL Tomas Satoransky PF Tyler Cavanaugh",NA,"","","",NA
220,955481581,"ShakeZula",0,262.75,"C Karl-Anthony Towns SG Jimmy Butler PG Dennis Schroder G Lonzo Ball UTIL Rondae Hollis-Jefferson SF Ersan Ilyasova F Wilson Chandler PF Maxi Kleber",NA,"","","",NA
220,955494910,"Glaze (3/6)",0,262.75,"F Ben Simmons C Karl-Anthony Towns G Jimmy Butler UTIL DeMarre Carroll SG JJ Redick SF Jeff Green PF Mike Scott PG Yogi Ferrell",NA,"","","",NA
220,955556998,"daddyp6969",0,262.75,"SF LeBron James C Andre Drummond PF Kristaps Porzingis PG Jordan Clarkson F Wilson Chandler SG Yogi Ferrell G Stanley Johnson UTIL Tyler Zeller",NA,"","","",NA
220,955683838,"Jwaz (17/20)",0,262.75,"PG Ben Simmons PF Kristaps Porzingis SG Jimmy Butler UTIL JJ Redick SF Ersan Ilyasova C Alex Len F Wesley Matthews G Frank Mason III",NA,"","","",NA
224,955281103,"dex010",0,262,"F LeBron James PF Harrison Barnes C Dario Saric SG Caris LeVert SF Buddy Hield UTIL JJ Redick G Allen Crabbe PG Mike James",NA,"","","",NA
225,955741711,"nikolsberg (5/5)",0,261.75,"G Ben Simmons SG Bradley Beal PG Lonzo Ball F Andrew Wiggins SF Caris LeVert UTIL Mason Plumlee C Tyson Chandler PF Trevor Booker",NA,"","","",NA
226,955742851,"teamderivia",0,261.25,"C Andre Drummond PF Kristaps Porzingis UTIL LaMarcus Aldridge PG Lonzo Ball G Buddy Hield F Tyler Cavanaugh SG Yogi Ferrell SF Doug McDermott",NA,"","","",NA
227,955065852,"amyzz_janoris (3/3)",0,261,"PF LeBron James PG Ben Simmons SG Spencer Dinwiddie G J.J. Barea F Dirk Nowitzki C Trevor Booker SF Trey Lyles UTIL Frank Ntilikina",NA,"","","",NA
227,955689916,"jusdinn816",0,261,"C Kristaps Porzingis F Kevin Love G Brandon Ingram SG Spencer Dinwiddie SF Andrew Wiggins UTIL Willie Cauley-Stein PF Kenneth Faried PG Frank Ntilikina",NA,"","","",NA
227,955735940,"purpnurp19 (7/7)",0,261,"PF Kristaps Porzingis SF Brandon Ingram PG Lonzo Ball UTIL Enes Kanter G Reggie Jackson SG Courtney Lee F Kyle Kuzma C Julius Randle",NA,"","","",NA
230,955465352,"JGhost9",0,260.5,"SF LeBron James PF T.J. Warren PG Lonzo Ball SG Spencer Dinwiddie G Caris LeVert F Ersan Ilyasova C Kyle O'Quinn UTIL Frank Mason III",NA,"","","",NA
231,955743209,"sekova (1/2)",0,260.25,"SG Will Barton C Zach Randolph G Brandon Ingram PG Lonzo Ball PF Harrison Barnes SF JJ Redick F Taurean Prince UTIL Brook Lopez",NA,"","","",NA
231,955743255,"sekova (2/2)",0,260.25,"SG Will Barton C Zach Randolph G Brandon Ingram PG Lonzo Ball PF Harrison Barnes SF JJ Redick F Taurean Prince UTIL Brook Lopez",NA,"","","",NA
233,955683837,"Jwaz (16/20)",0,260,"SF Ben Simmons C Kristaps Porzingis SG Jimmy Butler UTIL Dario Saric PF Ersan Ilyasova F Julius Randle PG Frank Mason III G Yogi Ferrell",NA,"","","",NA
234,955726672,"Lucky2020 (1/2)",0,259.75,"G Jimmy Butler SG Will Barton UTIL Brandon Ingram C Enes Kanter SF Rondae Hollis-Jefferson F Taurean Prince PF Ersan Ilyasova PG J.J. Barea",NA,"","","",NA
235,954872679,"jerome38",0,259.5,"SF LeBron James G Jimmy Butler UTIL Enes Kanter SG Spencer Dinwiddie F Kenneth Faried C Tyson Chandler PG Tyler Ulis PF Tyler Cavanaugh",NA,"","","",NA
235,955743821,"Tbartucca10",0,259.5,"SF LeBron James C Kristaps Porzingis PF Kawhi Leonard F Enes Kanter UTIL Patty Mills SG J.R. Smith PG Ish Smith G Tim Frazier",NA,"","","",NA
237,955007412,"ihags (1/4)",0,259,"PG Ben Simmons C Karl-Anthony Towns SG Jimmy Butler SF JJ Redick G J.J. Barea PF Julius Randle UTIL Wesley Matthews F Doug McDermott",NA,"","","",NA
238,955683835,"Jwaz (14/20)",0,258,"F Ben Simmons C Karl-Anthony Towns SG Jimmy Butler UTIL JJ Redick SF Ersan Ilyasova PF Julius Randle PG Mike James G Yogi Ferrell",NA,"","","",NA
239,955019171,"ihags (3/4)",0,257.75,"SG Bradley Beal C Kristaps Porzingis SF Brandon Ingram PG Lonzo Ball G Spencer Dinwiddie F Markieff Morris UTIL Jarrett Jack PF Doug McDermott",NA,"","","",NA
239,955576096,"m4ch1n3m4n (3/5)",0,257.75,"PF LeBron James C Kristaps Porzingis F T.J. Warren SF Buddy Hield PG De'Aaron Fox G Jarrett Jack UTIL Tyler Ulis SG Bogdan Bogdanovic",NA,"","","",NA
241,955487860,"nabs1976 (1/20)",0,257.25,"SF LeBron James PF T.J. Warren G Spencer Dinwiddie F Rudy Gay SG Taurean Prince C Marcin Gortat UTIL Julius Randle PG Dejounte Murray",NA,"","","",NA
241,955744250,"mj9239jm",0,257.25,"SG Bradley Beal UTIL Jimmy Butler G Brandon Ingram PG Spencer Dinwiddie F Andrew Wiggins SF Rondae Hollis-Jefferson C Greg Monroe PF Tyler Cavanaugh",NA,"","","",NA
243,955744306,"sasmallen (1/4)",0,257,"SF LeBron James SG Bradley Beal F T.J. Warren PF Rondae Hollis-Jefferson UTIL Alex Len C Tyson Chandler G Frank Mason III PG Tomas Satoransky",NA,"","","",NA
244,955742036,"fubber",0,256.75,"SF LeBron James UTIL Karl-Anthony Towns SG Jimmy Butler PG Avery Bradley C Brook Lopez G Josh Jackson PF Kyle O'Quinn F Jae Crowder",NA,"","","",NA
245,955733699,"Sterncase",0,256.5,"UTIL Ben Simmons PF Kristaps Porzingis F Enes Kanter SG Courtney Lee PG Jamal Murray SF Kyle Kuzma C Brook Lopez G T.J. McConnell",NA,"","","",NA
246,955618275,"Twilson84",0,256,"PF LeBron James PG Ben Simmons C Kristaps Porzingis SG Josh Jackson G Tyler Ulis SF J.R. Smith F Bogdan Bogdanovic UTIL DeAndre' Bembry",NA,"","","",NA
247,955665661,"LaLuckBoxing (15/20)",0,255.75,"UTIL Bradley Beal PG Lonzo Ball C Enes Kanter G Spencer Dinwiddie PF Rondae Hollis-Jefferson SF Caris LeVert SG Buddy Hield F Josh Jackson",NA,"","","",NA
247,955743690,"rbcues (15/20)",0,255.75,"F LeBron James C Joel Embiid SG JJ Redick SF Ersan Ilyasova UTIL Julius Randle PF Alex Len PG Frank Mason III G Tomas Satoransky",NA,"","","",NA
249,954968353,"dakid2323",0,255.5,"SF LeBron James PG Lonzo Ball UTIL Jeff Teague F Dario Saric G JJ Redick SG Jordan Clarkson C Dirk Nowitzki PF Wilson Chandler",NA,"","","",NA
249,955683831,"Jwaz (10/20)",0,255.5,"PG Ben Simmons F Kristaps Porzingis SG Jimmy Butler PF Rondae Hollis-Jefferson SF Ersan Ilyasova C Alex Len UTIL Frank Mason III G Tomas Satoransky",NA,"","","",NA
249,955710265,"nickmason1922 (3/6)",0,255.5,"C Andre Drummond SG Bradley Beal PF Kristaps Porzingis PG Lonzo Ball SF Jeff Green F Mike Scott G Frank Mason III UTIL Tyler Cavanaugh",NA,"","","",NA
249,955743431,"dpnino",0,255.5,"C Andre Drummond PF Kristaps Porzingis SG Jimmy Butler G Reggie Jackson SF Ersan Ilyasova UTIL Wilson Chandler F Trey Lyles PG Mike James",NA,"","","",NA
253,955344768,"Glaze (1/6)",0,255.25,"UTIL Joel Embiid SF Otto Porter Jr. PF Zach Randolph G Spencer Dinwiddie SG Caris LeVert F Ersan Ilyasova C Mason Plumlee PG Tyler Ulis",NA,"","","",NA
253,955685655,"astrosfan75956",0,255.25,"G Bradley Beal PF Kristaps Porzingis C Enes Kanter SF Caris LeVert SG Buddy Hield F Ersan Ilyasova PG J.J. Barea UTIL Jordan Clarkson",NA,"","","",NA
255,955683830,"Jwaz (9/20)",0,255,"PG Ben Simmons C Andre Drummond F Kristaps Porzingis PF Rondae Hollis-Jefferson SG Wesley Matthews SF Allen Crabbe UTIL Tomas Satoransky G Yogi Ferrell",NA,"","","",NA
256,955676513,"stustwart (1/2)",0,254.5,"SF LeBron James C Joel Embiid SG Bradley Beal UTIL De'Aaron Fox PF Gorgui Dieng F Kyle Korver PG Frank Ntilikina G Jamal Crawford",NA,"","","",NA
257,954980354,"Sack0BabbatH",0,253.75,"C Karl-Anthony Towns SF Otto Porter Jr. SG Gary Harris PF Andrew Wiggins PG Reggie Jackson F Buddy Hield G JJ Redick UTIL Wesley Matthews",NA,"","","",NA
257,955669313,"Choff16",0,253.75,"C Karl-Anthony Towns PF Kevin Love UTIL Lonzo Ball SF Harrison Barnes F Courtney Lee G JJ Redick PG Avery Bradley SG J.R. Smith",NA,"","","",NA
259,955540542,"moneyonmymind (8/10)",0,253.5,"SF Ben Simmons SG Jimmy Butler F T.J. Warren G Lonzo Ball UTIL Spencer Dinwiddie PF Wilson Chandler PG Mike James C Gorgui Dieng",NA,"","","",NA
260,955391048,"cobra.commander",0,253.25,"C Andre Drummond PF Kristaps Porzingis SG Brandon Ingram PG Lonzo Ball UTIL Rondae Hollis-Jefferson F Julius Randle G Wesley Matthews SF Doug McDermott",NA,"","","",NA
260,955554314,"gbrk3668",0,253.25,"C Kristaps Porzingis G Jimmy Butler SF T.J. Warren SG Brandon Ingram PG Reggie Jackson PF Kyle Kuzma UTIL Ersan Ilyasova F Skal Labissiere",NA,"","","",NA
262,955537141,"moneyonmymind (4/10)",0,252.5,"SF Ben Simmons SG Jimmy Butler PG Lonzo Ball F Andrew Wiggins PF Taj Gibson C Dario Saric G Allen Crabbe UTIL Timothé Luwawu-Cabarrot",NA,"","","",NA
263,955254537,"Lynx1231 (4/12)",0,251.75,"F LeBron James UTIL Karl-Anthony Towns SG Will Barton PF Zach Randolph SF Wilson Chandler G George Hill PG Malcolm Delaney C Ian Mahinmi",NA,"","","",NA
263,955464829,"Endzonedance23",0,251.75,"UTIL Andre Drummond PF Kristaps Porzingis SG Jimmy Butler PG Lonzo Ball F Ersan Ilyasova C Julius Randle G Tomas Satoransky SF Doug McDermott",NA,"","","",NA
265,955738136,"aysjays1 (1/3)",0,251.5,"PG Ben Simmons PF Kristaps Porzingis SG Jimmy Butler F Rondae Hollis-Jefferson G Buddy Hield SF Jeff Green UTIL Frank Mason III C Gorgui Dieng",NA,"","","",NA
266,955675291,"purpnurp19 (6/7)",0,251.25,"C Andre Drummond SG Bradley Beal PG Spencer Dinwiddie SF Rondae Hollis-Jefferson PF DeMarre Carroll G J.J. Barea UTIL Julius Randle F Kelly Oubre Jr.",NA,"","","",NA
267,955351747,"Glaze (2/6)",0,250.5,"SF LeBron James G Dennis Schroder C Zach Randolph PG Lonzo Ball SG J.J. Barea PF Trey Lyles F Tyler Cavanaugh UTIL Jakarr Sampson",NA,"","","",NA
268,955254545,"Lynx1231 (12/12)",0,250.25,"C Karl-Anthony Towns UTIL LaMarcus Aldridge PF Kevin Love SG Jimmy Butler G Avery Bradley SF Wilson Chandler F Bogdan Bogdanovic PG Malcolm Delaney",NA,"","","",NA
268,955310749,"bboopone",0,250.25,"PG Ben Simmons PF Enes Kanter G Spencer Dinwiddie F Andrew Wiggins SF Rudy Gay UTIL Rondae Hollis-Jefferson SG Courtney Lee C Brook Lopez",NA,"","","",NA
268,955621482,"Bluecat84",0,250.25,"C Karl-Anthony Towns SG Bradley Beal UTIL LaMarcus Aldridge PG Jamal Murray PF Julius Randle G De'Aaron Fox F Dirk Nowitzki SF Trey Lyles",NA,"","","",NA
268,955665659,"LaLuckBoxing (13/20)",0,250.25,"UTIL Bradley Beal PG Lonzo Ball C Enes Kanter SG Spencer Dinwiddie PF Rondae Hollis-Jefferson F Caris LeVert G De'Aaron Fox SF Josh Jackson",NA,"","","",NA
272,955007425,"ihags (2/4)",0,249,"C Kristaps Porzingis F Zach Randolph PF T.J. Warren SG Brandon Ingram PG Lonzo Ball G Buddy Hield UTIL Tyson Chandler SF Doug McDermott",NA,"","","",NA
272,955735864,"jbazluke34 (2/2)",0,249,"PF LeBron James C Andre Drummond SF T.J. Warren SG Spencer Dinwiddie F Trey Lyles PG Frank Mason III G Yogi Ferrell UTIL Joe Harris",NA,"","","",NA
274,955739803,"DrPar17 (2/2)",0,248.75,"SF Ben Simmons PF Kristaps Porzingis C Zach Randolph PG Lonzo Ball SG Courtney Lee G Jarrett Jack F Jeff Green UTIL Skal Labissiere",NA,"","","",NA
275,954935536,"lpdev (1/2)",0,248,"C Andre Drummond G Jimmy Butler SG Will Barton UTIL Dario Saric PF Willie Cauley-Stein SF Kyle Kuzma F Wesley Matthews PG Mike James",NA,"","","",NA
275,954935559,"lpdev (2/2)",0,248,"C Andre Drummond G Jimmy Butler SG Will Barton UTIL Dario Saric PF Willie Cauley-Stein SF Kyle Kuzma F Wesley Matthews PG Mike James",NA,"","","",NA
275,955521891,"tommyobi23",0,248,"PF LaMarcus Aldridge F Kevin Love SG Jimmy Butler G Brandon Ingram PG Lonzo Ball SF Wilson Chandler C Jahlil Okafor UTIL Tyler Zeller",NA,"","","",NA
275,955700512,"asetlak",0,248,"G Ben Simmons PF Kristaps Porzingis F Kevin Love UTIL Lonzo Ball SF Jeff Green PG Mike James C Jahlil Okafor SG Yogi Ferrell",NA,"","","",NA
279,955160936,"HeyMisterWilson",0,247.75,"SF LeBron James C Andre Drummond PF Andrew Wiggins SG Kent Bazemore F Kenneth Faried UTIL Tyson Chandler PG Frank Mason III G Frank Ntilikina",NA,"","","",NA
279,955362630,"Orcachow (5/6)",0,247.75,"SF LeBron James C Andre Drummond UTIL Jimmy Butler F Julius Randle PF Jeff Green SG Frank Mason III PG Tomas Satoransky G Bogdan Bogdanovic",NA,"","","",NA
279,955748837,"hodge1984",0,247.75,"C Andre Drummond F Kristaps Porzingis SG Jimmy Butler UTIL Marcin Gortat SF Ersan Ilyasova PG J.J. Barea G De'Aaron Fox PF Tyler Cavanaugh",NA,"","","",NA
282,955139434,"dpw2004",0,247,"G Ben Simmons PF Kristaps Porzingis F Zach Randolph SF Rondae Hollis-Jefferson SG Caris LeVert C Greg Monroe UTIL Wilson Chandler PG Yogi Ferrell",NA,"","","",NA
282,955254534,"Lynx1231 (1/12)",0,247,"PF LeBron James C Karl-Anthony Towns SG Jimmy Butler G Avery Bradley SF Wilson Chandler F Josh Jackson UTIL Tyler Ulis PG Malcolm Delaney",NA,"","","",NA
282,955355527,"nixwinz",0,247,"SF Ben Simmons SG Jimmy Butler F T.J. Warren PG Spencer Dinwiddie C Dario Saric PF Ersan Ilyasova UTIL Tyson Chandler G Yogi Ferrell",NA,"","","",NA
285,955094770,"nunzio1749",0,246.75,"UTIL Ben Simmons C Karl-Anthony Towns PF Kristaps Porzingis SF Andrew Wiggins SG Dwyane Wade PG Jarrett Jack F Anthony Tolliver G Frank Ntilikina",NA,"","","",NA
286,955727241,"ArnoldCavalier",0,246.5,"SF LeBron James G Jimmy Butler UTIL Tobias Harris PG Reggie Jackson PF Ersan Ilyasova SG Jordan Clarkson F Tyler Cavanaugh C Dwight Powell",NA,"","","",NA
286,955733923,"clapnow (1/11)",0,246.5,"PF LeBron James C Andre Drummond UTIL T.J. Warren F Kyle Kuzma PG Jarrett Jack SF Wesley Matthews SG Yogi Ferrell G Tim Frazier",NA,"","","",NA
288,955102628,"dehen",0,246.25,"C Karl-Anthony Towns F LaMarcus Aldridge SG Will Barton G Reggie Jackson UTIL Dario Saric PF Ersan Ilyasova PG Jarrett Jack SF Trey Lyles",NA,"","","",NA
288,955236559,"Hardcore_Dorn",0,246.25,"PF LeBron James G Ben Simmons SG Spencer Dinwiddie C Marcin Gortat F Julius Randle SF Wilson Chandler UTIL Tomas Satoransky PG Yogi Ferrell",NA,"","","",NA
290,955675289,"purpnurp19 (4/7)",0,246,"SF Ben Simmons SG Jimmy Butler PG Jeff Teague PF Andrew Wiggins C Dario Saric G JJ Redick UTIL Julius Randle F Tyler Cavanaugh",NA,"","","",NA
291,955365416,"Ray91686",0,245.75,"UTIL Ben Simmons C Karl-Anthony Towns F Kristaps Porzingis SG Caris LeVert SF Buddy Hield PG Patty Mills G J.R. Smith PF Doug McDermott",NA,"","","",NA
291,955710361,"nickmason1922 (4/6)",0,245.75,"C Joel Embiid UTIL Andre Drummond PF Kristaps Porzingis PG Jordan Clarkson G Emmanuel Mudiay SF Jeff Green F Mike Scott SG Yogi Ferrell",NA,"","","",NA
291,955738112,"jbuddpicks (1/7)",0,245.75,"UTIL Andre Drummond C Karl-Anthony Towns G Jimmy Butler SG Spencer Dinwiddie F Kenneth Faried PG J.J. Barea PF Tyler Cavanaugh SF Doug McDermott",NA,"","","",NA
291,955749152,"HeadHunter33",0,245.75,"C Kevin Love SG Jimmy Butler SF Brandon Ingram PF Harrison Barnes PG Spencer Dinwiddie G JJ Redick F Greg Monroe UTIL Trey Lyles",NA,"","","",NA
295,955322314,"Mishambo",0,245.25,"PG Ben Simmons C Karl-Anthony Towns PF Kristaps Porzingis SF Otto Porter Jr. SG Jordan Clarkson F Tyler Cavanaugh G Kyle Korver UTIL Ron Baker",NA,"","","",NA
295,955488136,"nabs1976 (3/20)",0,245.25,"UTIL LeBron James SF Otto Porter Jr. G Lonzo Ball PG Spencer Dinwiddie F Ersan Ilyasova SG J.J. Barea C Jahlil Okafor PF Tyler Cavanaugh",NA,"","","",NA
295,955733924,"clapnow (2/11)",0,245.25,"PF LeBron James C Zach Randolph PG Lonzo Ball SG Spencer Dinwiddie F Ersan Ilyasova G Emmanuel Mudiay SF Wilson Chandler UTIL Mike Scott",NA,"","","",NA
295,955739802,"DrPar17 (1/2)",0,245.25,"PF LeBron James SF Otto Porter Jr. C Zach Randolph PG Reggie Jackson G Kentavious Caldwell-Pope SG Kelly Oubre Jr. F Jeff Green UTIL Skal Labissiere",NA,"","","",NA
299,955520810,"gdaddy80 (1/4)",0,244.75,"C Andre Drummond SG Jimmy Butler SF T.J. Warren PG Lonzo Ball PF Ersan Ilyasova G J.J. Barea UTIL Jarrett Jack F Trey Lyles",NA,"","","",NA
300,955003999,"Pludee",0,244,"UTIL Andre Drummond PF Kristaps Porzingis SF Will Barton PG Lonzo Ball G Jeff Teague SG Troy Daniels C Kyle O'Quinn F Tyler Cavanaugh",NA,"","","",NA
300,955559525,"bluestem89 (2/4)",0,244,"F Ben Simmons C Karl-Anthony Towns PF LaMarcus Aldridge UTIL Rondae Hollis-Jefferson G Buddy Hield SF Trey Lyles PG Yogi Ferrell SG Joe Harris",NA,"","","",NA
300,955655357,"jetinfreak",0,244,"SF Ben Simmons F Kristaps Porzingis SG Jimmy Butler PF T.J. Warren G J.J. Barea PG Tyler Ulis C Jahlil Okafor UTIL Kosta Koufos",NA,"","","",NA
300,955723534,"dane3rd",0,244,"UTIL Andre Drummond PF Kristaps Porzingis SF Will Barton PG Lonzo Ball G Jeff Teague SG Troy Daniels C Kyle O'Quinn F Tyler Cavanaugh",NA,"","","",NA
304,955743409,"deanlef",0,243.75,"PG Ben Simmons F Kristaps Porzingis G Lonzo Ball SG Spencer Dinwiddie UTIL DeMarre Carroll C Kenneth Faried SF Wilson Chandler PF Kyle O'Quinn",NA,"","","",NA
305,955661779,"breadman2017",0,243,"SF LeBron James PF Kristaps Porzingis PG Reggie Jackson F Buddy Hield C Marcin Gortat SG Jordan Clarkson G Emmanuel Mudiay UTIL Kyle Korver",NA,"","","",NA
305,955744234,"bdadian",0,243,"F Ben Simmons C Kevin Love G Lonzo Ball UTIL Andrew Wiggins SF Rondae Hollis-Jefferson SG Caris LeVert PG Mike James PF Maxi Kleber",NA,"","","",NA
307,955733927,"clapnow (5/11)",0,242.25,"SF Ben Simmons PF Zach Randolph PG Lonzo Ball UTIL Harrison Barnes SG Spencer Dinwiddie C Marcin Gortat G Jarrett Jack F Wilson Chandler",NA,"","","",NA
308,955741494,"cblood69",0,241.75,"UTIL Kristaps Porzingis PF Kevin Love G Brandon Ingram C Enes Kanter SF Andrew Wiggins SG Kentavious Caldwell-Pope PG Avery Bradley F Guillermo Hernangómez",NA,"","","",NA
309,955538144,"moneyonmymind (6/10)",0,241,"G Ben Simmons SG Bradley Beal UTIL Lonzo Ball F Andrew Wiggins PF Taj Gibson C Brook Lopez SF Josh Jackson PG Mike James",NA,"","","",NA
309,955559524,"bluestem89 (1/4)",0,241,"F LeBron James UTIL Dennis Schroder C Enes Kanter PF Rondae Hollis-Jefferson G Buddy Hield SF Ersan Ilyasova PG Yogi Ferrell SG Kyle Korver",NA,"","","",NA
311,955665652,"LaLuckBoxing (6/20)",0,240.75,"UTIL Bradley Beal SF Otto Porter Jr. PG Lonzo Ball C Enes Kanter SG Spencer Dinwiddie PF Rondae Hollis-Jefferson G De'Aaron Fox F Josh Jackson",NA,"","","",NA
312,954885062,"nwander05",0,240.5,"C Karl-Anthony Towns SG Will Barton SF Kawhi Leonard F Zach Randolph PF Ersan Ilyasova PG Jordan Clarkson UTIL Tyson Chandler G Wesley Matthews",NA,"","","",NA
312,955693267,"handicapleech21",0,240.5,"SF LeBron James G Bradley Beal PG Jeff Teague PF Kyle Kuzma SG J.J. Barea F Greg Monroe UTIL Marquese Chriss C Tyler Zeller",NA,"","","",NA
314,955541353,"moneyonmymind (9/10)",0,240.25,"PF LeBron James C Kevin Love PG Dennis Schroder SF Kent Bazemore UTIL Kenneth Faried G Tyler Ulis SG J.R. Smith F Tyler Cavanaugh",NA,"","","",NA
314,955639741,"extoneagles",0,240.25,"SF Ben Simmons C Karl-Anthony Towns SG Jimmy Butler PG Jeff Teague G JJ Redick PF Trevor Booker UTIL Frank Mason III F Justin Jackson",NA,"","","",NA
316,955209474,"Fastman14",0,240,"SF LeBron James PF Kristaps Porzingis PG Jeff Teague G Caris LeVert F Markieff Morris C Brook Lopez UTIL Jahlil Okafor SG J.R. Smith",NA,"","","",NA
317,955739266,"phight",0,239.25,"PF LeBron James PG Ben Simmons SG Bradley Beal SF JJ Redick G George Hill UTIL Miles Plumlee C Tyler Zeller F Skal Labissiere",NA,"","","",NA
318,954856677,"cxs261",0,239,"PF Kevin Love C Zach Randolph PG Lonzo Ball SF Andrew Wiggins G Reggie Jackson SG Buddy Hield UTIL Dwyane Wade F Kent Bazemore",NA,"","","",NA
319,955075121,"grinder1978",0,238.75,"PG Ben Simmons C Kristaps Porzingis SG Jimmy Butler SF Brandon Ingram G Jordan Clarkson PF Wilson Chandler F Trey Lyles UTIL Justin Jackson",NA,"","","",NA
319,955506926,"gk723",0,238.75,"PF LeBron James SF Ben Simmons SG Bradley Beal G Mike James F J.R. Smith UTIL Tomas Satoransky PG Yogi Ferrell C Gorgui Dieng",NA,"","","",NA
319,955658335,"ODAAT",0,238.75,"PG Ben Simmons SF Will Barton SG Spencer Dinwiddie C Dario Saric G JJ Redick PF Kyle Kuzma F Ersan Ilyasova UTIL J.J. Barea",NA,"","","",NA
322,955742114,"Ben919 (2/4)",0,238.25,"PF LeBron James C Zach Randolph G Reggie Jackson F Rondae Hollis-Jefferson UTIL Ersan Ilyasova SG J.J. Barea PG De'Aaron Fox SF Jeff Green",NA,"","","",NA
323,955665664,"LaLuckBoxing (18/20)",0,238,"F Otto Porter Jr. PG Lonzo Ball C Enes Kanter UTIL Spencer Dinwiddie PF Rondae Hollis-Jefferson G Caris LeVert SG Buddy Hield SF Josh Jackson",NA,"","","",NA
323,955748762,"chuck41 (2/2)",0,238,"UTIL LeBron James PF Kristaps Porzingis SG Buddy Hield G Kent Bazemore SF Ersan Ilyasova F Greg Monroe PG Jordan Clarkson C Amir Johnson",NA,"","","",NA
325,955637772,"savalicious",0,237.75,"C Joel Embiid PG Ben Simmons SG Jimmy Butler SF JJ Redick UTIL Julius Randle G Mike James PF Gorgui Dieng F Maxi Kleber",NA,"","","",NA
326,955696751,"freaks65",0,237.25,"SG Bradley Beal G Jimmy Butler PF Zach Randolph PG Jeff Teague SF DeMarre Carroll C Marcin Gortat UTIL De'Aaron Fox F Wilson Chandler",NA,"","","",NA
327,955525124,"gdaddy80 (2/4)",0,237,"C Andre Drummond SG Jimmy Butler SF T.J. Warren PG Lonzo Ball PF Markieff Morris G J.J. Barea UTIL Jarrett Jack F Trey Lyles",NA,"","","",NA
327,955719480,"kingpinGM",0,237,"SF Ben Simmons UTIL Karl-Anthony Towns C Zach Randolph PF Dario Saric F Ersan Ilyasova G Jarrett Jack SG Wesley Matthews PG Mike James",NA,"","","",NA
329,955665660,"LaLuckBoxing (14/20)",0,236.5,"UTIL Bradley Beal PG Lonzo Ball C Enes Kanter SG Spencer Dinwiddie PF Rondae Hollis-Jefferson F Buddy Hield G De'Aaron Fox SF Josh Jackson",NA,"","","",NA
330,955529305,"ckcarter01",0,236.25,"SF LeBron James PG Ben Simmons PF LaMarcus Aldridge C Zach Randolph SG Kyle Korver UTIL Channing Frye F Reggie Bullock G José Calderón",NA,"","","",NA
330,955675287,"purpnurp19 (2/7)",0,236.25,"F LeBron James UTIL Andre Drummond SF T.J. Warren G Buddy Hield C Tyson Chandler PF Marquese Chriss SG Bogdan Bogdanovic PG Yogi Ferrell",NA,"","","",NA
330,955681682,"stustwart (2/2)",0,236.25,"SF LeBron James UTIL Joel Embiid PG Lonzo Ball C Marcin Gortat G De'Aaron Fox F Mike Scott SG Jamal Crawford PF Maxi Kleber",NA,"","","",NA
330,955703324,"GMENROCKTODAY (3/3)",0,236.25,"PF LeBron James UTIL Karl-Anthony Towns PG Dennis Schroder SG Danny Green SF Wilson Chandler F Trevor Booker C Jahlil Okafor G J.R. Smith",NA,"","","",NA
334,955665648,"LaLuckBoxing (2/20)",0,236,"SG Bradley Beal PF Otto Porter Jr. G Lonzo Ball C Enes Kanter UTIL Spencer Dinwiddie SF Caris LeVert PG De'Aaron Fox F Josh Jackson",NA,"","","",NA
334,955706949,"moffittmastaaa1234",0,236,"F LeBron James UTIL Kawhi Leonard SF Rondae Hollis-Jefferson G Kentavious Caldwell-Pope PG Avery Bradley C Marcin Gortat PF Dirk Nowitzki SG Allen Crabbe",NA,"","","",NA
336,955501108,"SunTszu",0,235.75,"F LeBron James UTIL Andre Drummond C Kristaps Porzingis G Jimmy Butler PG Isaiah Whitehead SG Langston Galloway SF Vince Carter PF Joffrey Lauvergne",NA,"","","",NA
337,955055709,"Bartman02",0,235.25,"PG Ben Simmons C Zach Randolph SF T.J. Warren G Lonzo Ball PF Andrew Wiggins SG Buddy Hield F Wesley Matthews UTIL Tyler Zeller",NA,"","","",NA
337,955738138,"aysjays1 (3/3)",0,235.25,"PG Ben Simmons SG Jimmy Butler UTIL T.J. Warren PF Taj Gibson F Caris LeVert G JJ Redick SF Jeff Green C Gorgui Dieng",NA,"","","",NA
339,955670114,"m4ch1n3m4n (5/5)",0,235,"C Karl-Anthony Towns SG Will Barton PF T.J. Warren PG Jeff Teague UTIL Enes Kanter F Caris LeVert SF Josh Jackson G Tyler Ulis",NA,"","","",NA
340,955048092,"star9wars (2/5)",0,234.5,"SG Bradley Beal C Kristaps Porzingis SF Otto Porter Jr. G Brandon Ingram PG Reggie Jackson PF Markieff Morris F Trevor Booker UTIL Kyle Korver",NA,"","","",NA
340,955604563,"fozball18",0,234.5,"SG Bradley Beal C Kristaps Porzingis SF T.J. Warren PF Tobias Harris UTIL Reggie Jackson PG Jordan Clarkson F Jeff Green G Tyler Ulis",NA,"","","",NA
340,955665653,"LaLuckBoxing (7/20)",0,234.5,"UTIL Bradley Beal SF Otto Porter Jr. C Enes Kanter PG Spencer Dinwiddie PF Rondae Hollis-Jefferson G Caris LeVert SG Buddy Hield F Josh Jackson",NA,"","","",NA
343,955742004,"MiamiJAY",0,234,"C Andre Drummond SG Jimmy Butler G Dennis Schroder UTIL Spencer Dinwiddie PG Reggie Jackson PF Julius Randle SF Trey Lyles F J.R. Smith",NA,"","","",NA
344,955665665,"LaLuckBoxing (19/20)",0,232.5,"F Otto Porter Jr. G Lonzo Ball C Enes Kanter UTIL Spencer Dinwiddie PF Rondae Hollis-Jefferson SG Caris LeVert PG De'Aaron Fox SF Josh Jackson",NA,"","","",NA
345,955492065,"Teblows0420 (1/3)",0,232.25,"PF LeBron James SF Ben Simmons PG Spencer Dinwiddie UTIL Ersan Ilyasova G Jarrett Jack C Tyson Chandler SG Allen Crabbe F Maxi Kleber",NA,"","","",NA
346,955703323,"GMENROCKTODAY (2/3)",0,231,"PF LeBron James UTIL Karl-Anthony Towns PG Lonzo Ball G Buddy Hield F Greg Monroe SF Wilson Chandler C Jahlil Okafor SG Kyle Korver",NA,"","","",NA
347,955748960,"bimboboy (3/3)",0,230.5,"SF LeBron James SG Will Barton PF Tobias Harris PG J.J. Barea G Jordan Clarkson UTIL Julius Randle F Dirk Nowitzki C Mason Plumlee",NA,"","","",NA
348,955065171,"amyzz_janoris (1/3)",0,230.25,"SF Ben Simmons SG Jimmy Butler C Zach Randolph PF Harrison Barnes PG Spencer Dinwiddie F Kyle Kuzma G Stanley Johnson UTIL Doug McDermott",NA,"","","",NA
349,955466301,"ACRII (2/2)",0,229.25,"UTIL Andre Drummond G Jimmy Butler SG Will Barton PF Zach Randolph F Ersan Ilyasova PG Jarrett Jack SF Wilson Chandler C Tyler Zeller",NA,"","","",NA
350,955665647,"LaLuckBoxing (1/20)",0,229,"SG Bradley Beal SF Otto Porter Jr. G Lonzo Ball C Enes Kanter PF Rondae Hollis-Jefferson UTIL Caris LeVert PG De'Aaron Fox F Josh Jackson",NA,"","","",NA
350,955665654,"LaLuckBoxing (8/20)",0,229,"UTIL Bradley Beal SF Otto Porter Jr. C Enes Kanter SG Spencer Dinwiddie PF Rondae Hollis-Jefferson G Caris LeVert PG De'Aaron Fox F Josh Jackson",NA,"","","",NA
352,955706318,"gss16",0,228.75,"SF Ben Simmons C Andre Drummond UTIL Gary Harris PG Spencer Dinwiddie F Taj Gibson G Mike James SG Yogi Ferrell PF Gorgui Dieng",NA,"","","",NA
353,955733926,"clapnow (4/11)",0,228.5,"SF Ben Simmons SG Jimmy Butler G Jeff Teague C Enes Kanter PG Jamal Murray PF Ersan Ilyasova F Julius Randle UTIL Tyler Cavanaugh",NA,"","","",NA
354,955748813,"jbuddpicks (7/7)",0,228.25,"C Andre Drummond G Jimmy Butler PG Lonzo Ball SG Spencer Dinwiddie SF Buddy Hield F Willie Cauley-Stein UTIL Kenneth Faried PF Tyler Cavanaugh",NA,"","","",NA
355,955378935,"DMS2cents",0,227.75,"C Andre Drummond SG Bradley Beal PF Kristaps Porzingis F Buddy Hield UTIL JJ Redick PG Emmanuel Mudiay G Mike James SF Jae Crowder",NA,"","","",NA
356,955466294,"ACRII (1/2)",0,227.5,"UTIL Ben Simmons G Jimmy Butler SG Will Barton PF Zach Randolph F Ersan Ilyasova PG Jarrett Jack SF Wilson Chandler C Tyler Zeller",NA,"","","",NA
357,955317933,"eatinbushey",0,227,"F Kawhi Leonard PF Tobias Harris PG Jeff Teague C Enes Kanter SF Andrew Wiggins UTIL Taj Gibson SG Courtney Lee G Kentavious Caldwell-Pope",NA,"","","",NA
358,955559527,"bluestem89 (4/4)",0,226.5,"G Ben Simmons C Karl-Anthony Towns F T.J. Warren UTIL Dario Saric SG Buddy Hield SF Ersan Ilyasova PF Trey Lyles PG Yogi Ferrell",NA,"","","",NA
359,955539528,"gdaddy80 (4/4)",0,226.25,"C Andre Drummond SF T.J. Warren PG Lonzo Ball UTIL Jeff Teague G Spencer Dinwiddie PF Markieff Morris SG J.J. Barea F Trey Lyles",NA,"","","",NA
360,955737199,"GROVES987654321",0,225.5,"C Andre Drummond SG Brandon Ingram G Spencer Dinwiddie PG Reggie Jackson UTIL Caris LeVert SF Buddy Hield F JJ Redick PF Kyle Kuzma",NA,"","","",NA
361,955691165,"Teblows0420 (3/3)",0,225.25,"SG Jimmy Butler SF Will Barton UTIL Otto Porter Jr. PF Zach Randolph G Spencer Dinwiddie C Marcin Gortat PG De'Aaron Fox F Maxi Kleber",NA,"","","",NA
362,955665651,"LaLuckBoxing (5/20)",0,224.75,"G Bradley Beal UTIL Lonzo Ball C Enes Kanter PF Rondae Hollis-Jefferson SF Caris LeVert SG Buddy Hield PG De'Aaron Fox F Josh Jackson",NA,"","","",NA
362,955665662,"LaLuckBoxing (16/20)",0,224.75,"UTIL Bradley Beal C Enes Kanter SG Spencer Dinwiddie PF Rondae Hollis-Jefferson SF Caris LeVert G Buddy Hield PG De'Aaron Fox F Josh Jackson",NA,"","","",NA
364,955515922,"Trusso5221",0,224.5,"PG Dennis Schroder C Zach Randolph SF T.J. Warren SG Brandon Ingram PF Tobias Harris F Harrison Barnes G Kent Bazemore UTIL Tyler Zeller",NA,"","","",NA
364,955550771,"ne34",0,224.5,"PG Ben Simmons C Kristaps Porzingis UTIL Rudy Gay SG Courtney Lee SF JJ Redick G J.J. Barea PF Greg Monroe F Dirk Nowitzki",NA,"","","",NA
366,954956232,"SenorSunzo",0,223.5,"PG Ben Simmons C Kristaps Porzingis G Brandon Ingram UTIL Tobias Harris SF Rondae Hollis-Jefferson F Caris LeVert SG Yogi Ferrell PF Richard Jefferson",NA,"","","",NA
366,955537022,"moneyonmymind (2/10)",0,223.5,"UTIL Kristaps Porzingis PG Dennis Schroder SF Will Barton PF Enes Kanter SG Spencer Dinwiddie C Kenneth Faried F Dirk Nowitzki G Tyler Ulis",NA,"","","",NA
368,955244793,"WinningismyForte915",0,223.25,"C Andre Drummond PF LaMarcus Aldridge F Zach Randolph SG Buddy Hield G JJ Redick SF Ersan Ilyasova PG J.J. Barea UTIL Tyler Cavanaugh",NA,"","","",NA
369,955254542,"Lynx1231 (9/12)",0,223,"C Karl-Anthony Towns SG Jimmy Butler G Dennis Schroder UTIL Zach Randolph PG Reggie Jackson PF Julius Randle SF Doug McDermott F Davis Bertans",NA,"","","",NA
370,955665656,"LaLuckBoxing (10/20)",0,222.25,"UTIL Bradley Beal PF Otto Porter Jr. PG Lonzo Ball C Enes Kanter SG Spencer Dinwiddie SF Buddy Hield G De'Aaron Fox F Josh Jackson",NA,"","","",NA
371,955494302,"nabs1976 (4/20)",0,222,"UTIL LeBron James SF Otto Porter Jr. PG Jeff Teague G Buddy Hield F Ersan Ilyasova SG J.J. Barea C Julius Randle PF Tyler Cavanaugh",NA,"","","",NA
371,955744211,"MikeN1017",0,222,"UTIL Ben Simmons G Jimmy Butler PF Zach Randolph F Dario Saric C Marcin Gortat SF Ersan Ilyasova PG Jordan Clarkson SG Kyle Korver",NA,"","","",NA
373,955539491,"Glaze (6/6)",0,221.5,"C Andre Drummond SG Will Barton SF Brandon Ingram PG Lonzo Ball UTIL Reggie Jackson F Courtney Lee PF Trey Lyles G Yogi Ferrell",NA,"","","",NA
374,955731591,"Lucky2020 (2/2)",0,221.25,"SF LeBron James F Zach Randolph G Brandon Ingram PG Jeff Teague UTIL Reggie Jackson C Mason Plumlee PF Marquese Chriss SG Damyean Dotson",NA,"","","",NA
374,955748958,"bimboboy (1/3)",0,221.25,"SF LeBron James SG Jimmy Butler PF Tobias Harris PG J.J. Barea G Jordan Clarkson UTIL Julius Randle F Dirk Nowitzki C Jahlil Okafor",NA,"","","",NA
376,955675290,"purpnurp19 (5/7)",0,220.75,"G Ben Simmons C Andre Drummond PG Spencer Dinwiddie PF Pau Gasol UTIL Kent Bazemore SF Ersan Ilyasova F Kelly Oubre Jr. SG Yogi Ferrell",NA,"","","",NA
376,955723522,"booboo82",0,220.75,"C Andre Drummond SG Jimmy Butler SF T.J. Warren F Taj Gibson UTIL Ersan Ilyasova G J.J. Barea PG De'Aaron Fox PF Wilson Chandler",NA,"","","",NA
378,955254539,"Lynx1231 (6/12)",0,220.5,"C Karl-Anthony Towns SG Jimmy Butler PG Dennis Schroder PF Zach Randolph G Jeff Teague UTIL Josh Jackson SF Doug McDermott F Davis Bertans",NA,"","","",NA
378,955734569,"Thix24",0,220.5,"PG Ben Simmons PF Kristaps Porzingis C Enes Kanter SF Andrew Wiggins G Reggie Jackson SG JJ Redick UTIL Jahlil Okafor F Doug McDermott",NA,"","","",NA
380,955267895,"Diego512",0,220,"SF LeBron James SG Bradley Beal UTIL Enes Kanter PG Reggie Jackson F Willie Cauley-Stein G Josh Jackson C Tristan Thompson PF Tyler Cavanaugh",NA,"","","",NA
381,955498897,"nabs1976 (20/20)",0,219.75,"UTIL LeBron James SF Otto Porter Jr. PG Lonzo Ball G Buddy Hield F Ersan Ilyasova SG J.J. Barea C Jahlil Okafor PF Tyler Cavanaugh",NA,"","","",NA
382,955568051,"jpforno",0,218.75,"F LeBron James SG Bradley Beal PG Jeff Teague SF Courtney Lee C Marcin Gortat G De'Aaron Fox PF Trevor Booker UTIL Luke Kennard",NA,"","","",NA
382,955665663,"LaLuckBoxing (17/20)",0,218.75,"SF Otto Porter Jr. PG Lonzo Ball C Enes Kanter UTIL Spencer Dinwiddie PF Rondae Hollis-Jefferson SG Buddy Hield G De'Aaron Fox F Josh Jackson",NA,"","","",NA
384,954961238,"star9wars (1/5)",0,218,"SG Bradley Beal C LaMarcus Aldridge SF Otto Porter Jr. PF T.J. Warren F Brandon Ingram G Caris LeVert UTIL Anthony Tolliver PG Langston Galloway",NA,"","","",NA
384,955049148,"star9wars (4/5)",0,218,"SG Bradley Beal C LaMarcus Aldridge SF Otto Porter Jr. PF T.J. Warren F Brandon Ingram G Caris LeVert UTIL Anthony Tolliver PG Langston Galloway",NA,"","","",NA
386,955143205,"JGP40",0,217.75,"SF LeBron James PG Ben Simmons PF Zach Randolph SG Buddy Hield C Marquese Chriss F J.R. Smith UTIL Kyle Korver G Jamal Crawford",NA,"","","",NA
387,955551295,"turbbo2001",0,217.25,"F LaMarcus Aldridge PG Dennis Schroder G Will Barton SG Gary Harris UTIL Jeff Teague SF Courtney Lee PF Alex Len C Channing Frye",NA,"","","",NA
388,955731884,"mlymal",0,216.75,"PF Kevin Love SG Jimmy Butler SF Kawhi Leonard UTIL Tobias Harris PG Reggie Jackson C Marcin Gortat G J.J. Barea F Doug McDermott",NA,"","","",NA
389,955692709,"Ahepard9489",0,216.5,"PG Ben Simmons C Andre Drummond SG Jimmy Butler G Jamal Murray PF Julius Randle UTIL De'Aaron Fox F Marquese Chriss SF Michael Beasley",NA,"","","",NA
390,955626359,"pkdeaton",0,216.25,"SF LeBron James UTIL Ben Simmons SG Buddy Hield PG Avery Bradley C Marcin Gortat F Trevor Booker PF Marquese Chriss G Yogi Ferrell",NA,"","","",NA
391,955743261,"clizzymoto",0,216,"PF LeBron James F Ben Simmons UTIL Spencer Dinwiddie G Jordan Clarkson SG Kelly Oubre Jr. PG De'Aaron Fox C Jahlil Okafor SF Bogdan Bogdanovic",NA,"","","",NA
392,955665650,"LaLuckBoxing (4/20)",0,215.25,"G Bradley Beal SF Otto Porter Jr. C Enes Kanter UTIL Spencer Dinwiddie PF Rondae Hollis-Jefferson SG Buddy Hield PG De'Aaron Fox F Josh Jackson",NA,"","","",NA
392,955665658,"LaLuckBoxing (12/20)",0,215.25,"UTIL Bradley Beal F Otto Porter Jr. G Lonzo Ball C Enes Kanter PF Rondae Hollis-Jefferson SG Buddy Hield PG De'Aaron Fox SF Josh Jackson",NA,"","","",NA
394,955740336,"david_joyal",0,213.75,"SF LeBron James PG Ben Simmons SG Buddy Hield G Avery Bradley UTIL Jordan Clarkson PF Wilson Chandler C Trevor Booker F J.R. Smith",NA,"","","",NA
395,955591543,"mezgo2013",0,213,"SF LeBron James PF LaMarcus Aldridge PG Dennis Schroder C Enes Kanter SG Courtney Lee F Bogdan Bogdanovic UTIL Ron Baker G Ramon Sessions",NA,"","","",NA
396,955320033,"BadMcLovin",0,212.75,"PG Ben Simmons PF Kristaps Porzingis SG Will Barton SF Tobias Harris F Andrew Wiggins C Jahlil Okafor G Yogi Ferrell UTIL Doug McDermott",NA,"","","",NA
397,955621272,"1967spike",0,211.25,"SF Ben Simmons UTIL Andre Drummond G Bradley Beal C Marcin Gortat PG Jordan Clarkson F Trey Lyles PF Tyler Cavanaugh SG Yogi Ferrell",NA,"","","",NA
398,954952526,"JustWin714",0,210.5,"PG Ben Simmons PF Kristaps Porzingis SG Will Barton F Buddy Hield C Kenneth Faried G Jordan Clarkson SF Wesley Matthews UTIL J.R. Smith",NA,"","","",NA
398,955665649,"LaLuckBoxing (3/20)",0,210.5,"SG Bradley Beal PF Otto Porter Jr. UTIL Lonzo Ball C Enes Kanter SF Caris LeVert G Buddy Hield PG De'Aaron Fox F Josh Jackson",NA,"","","",NA
398,955665657,"LaLuckBoxing (11/20)",0,210.5,"UTIL Bradley Beal PF Otto Porter Jr. C Enes Kanter G Spencer Dinwiddie SF Caris LeVert SG Buddy Hield PG De'Aaron Fox F Josh Jackson",NA,"","","",NA
401,955610506,"Gonzo352",0,209.5,"PG Ben Simmons C Kristaps Porzingis SF Tobias Harris UTIL Dario Saric SG Kentavious Caldwell-Pope PF Markieff Morris F Dirk Nowitzki G Patty Mills",NA,"","","",NA
402,955665666,"LaLuckBoxing (20/20)",0,207,"F Otto Porter Jr. C Enes Kanter SG Spencer Dinwiddie PF Rondae Hollis-Jefferson UTIL Caris LeVert G Buddy Hield PG De'Aaron Fox SF Josh Jackson",NA,"","","",NA
403,955040105,"oyesgottaeat1515 (2/2)",0,205,"C Andre Drummond SG Brandon Ingram SF Harrison Barnes F Andrew Wiggins PF Dario Saric G JJ Redick PG Avery Bradley UTIL Marcin Gortat",NA,"","","",NA
404,955021744,"oyesgottaeat1515 (1/2)",0,204.25,"SF LeBron James F Ben Simmons G Brandon Ingram SG Avery Bradley C Tyson Chandler PG T.J. McConnell PF Trevor Booker UTIL Skal Labissiere",NA,"","","",NA
405,955330608,"TheHentryOfEver (2/2)",0,204,"C Andre Drummond PF Kevin Love SG Brandon Ingram G Lonzo Ball SF Ersan Ilyasova UTIL Kelly Oubre Jr. PG De'Aaron Fox F Wilson Chandler",NA,"","","",NA
406,955732534,"letsrollupchris",0,203.75,"C Andre Drummond PG Dennis Schroder PF Enes Kanter F Andrew Wiggins SF Courtney Lee G Buddy Hield SG Jordan Clarkson UTIL Mike James",NA,"","","",NA
407,955665655,"LaLuckBoxing (9/20)",0,203.5,"UTIL Bradley Beal SF Otto Porter Jr. C Enes Kanter PF Rondae Hollis-Jefferson SG Caris LeVert G Buddy Hield PG De'Aaron Fox F Josh Jackson",NA,"","","",NA
407,955737615,"Bskellz",0,203.5,"SF LeBron James PG Ben Simmons F Buddy Hield C Kenneth Faried UTIL Jordan Clarkson SG Allen Crabbe PF Wilson Chandler G J.R. Smith",NA,"","","",NA
409,955079742,"top-shotta",0,201.5,"F Otto Porter Jr. PF Zach Randolph SF T.J. Warren PG Lonzo Ball G Spencer Dinwiddie SG Caris LeVert UTIL Kenneth Faried C Greg Monroe",NA,"","","",NA
410,955738819,"forthaskrilla",0,201,"G Ben Simmons PF Kevin Love SG Will Barton SF Tobias Harris F Kent Bazemore C Marcin Gortat PG Mike James UTIL Salah Mejri",NA,"","","",NA
411,955488019,"nabs1976 (2/20)",0,200.5,"UTIL LeBron James SF Otto Porter Jr. PG Jeff Teague G Buddy Hield F Ersan Ilyasova SG J.J. Barea C Jahlil Okafor PF Tyler Cavanaugh",NA,"","","",NA
412,955597820,"Mazdog",0,199.75,"C Andre Drummond UTIL Bradley Beal PG Dennis Schroder PF Enes Kanter SF Harrison Barnes G Tyler Ulis F Gorgui Dieng SG DeAndre' Bembry",NA,"","","",NA
413,955743560,"Roundtown",0,199.5,"SF Ben Simmons PF Kevin Love G Dennis Schroder C Zach Randolph UTIL Marcin Gortat F Ersan Ilyasova SG J.R. Smith PG José Calderón",NA,"","","",NA
414,955744105,"Blutman2727",0,199.25,"C Andre Drummond SG Bradley Beal PG Dennis Schroder SF Brandon Ingram PF Dario Saric G Jarrett Jack F Trevor Booker UTIL Luke Kennard",NA,"","","",NA
415,955590798,"joeg5",0,199,"SF Ben Simmons F LaMarcus Aldridge PF Zach Randolph SG Brandon Ingram PG Jeff Teague C Brook Lopez G Patty Mills UTIL Reggie Bullock",NA,"","","",NA
416,955049147,"star9wars (3/5)",0,198.5,"C Kristaps Porzingis SG Will Barton SF Otto Porter Jr. PF Tobias Harris F Andrew Wiggins PG Reggie Jackson G Avery Bradley UTIL Isaiah Whitehead",NA,"","","",NA
417,955357116,"EF20205555",0,195.25,"G Ben Simmons PG Dennis Schroder UTIL Otto Porter Jr. C Zach Randolph SG Buddy Hield SF Wilson Chandler PF Trey Lyles F Tyler Cavanaugh",NA,"","","",NA
418,955738046,"malbert84",0,195,"C Andre Drummond SF Tobias Harris UTIL Spencer Dinwiddie G Reggie Jackson PF Rondae Hollis-Jefferson SG Buddy Hield PG Jamal Murray F Greg Monroe",NA,"","","",NA
419,955675288,"purpnurp19 (3/7)",0,194,"SF Ben Simmons UTIL Andre Drummond PF LaMarcus Aldridge C Pau Gasol PG J.J. Barea G Tony Parker SG Yogi Ferrell F Maxi Kleber",NA,"","","",NA
420,955714295,"jeffbaker723",0,192,"SF Ben Simmons UTIL Karl-Anthony Towns PG Jeff Teague PF Enes Kanter C Kenneth Faried SG Jordan Clarkson G De'Aaron Fox F Tyler Cavanaugh",NA,"","","",NA
421,955556691,"star9wars (5/5)",0,191.75,"UTIL Will Barton F Otto Porter Jr. SF T.J. Warren G Brandon Ingram PF Tobias Harris PG Reggie Jackson SG Taurean Prince C Channing Frye",NA,"","","",NA
422,955703322,"GMENROCKTODAY (1/3)",0,188.5,"PF LeBron James PG Dennis Schroder SG Spencer Dinwiddie G Buddy Hield F Ersan Ilyasova UTIL Greg Monroe SF Wilson Chandler C Jahlil Okafor",NA,"","","",NA
423,955743571,"bernard14",0,184.75,"SF LeBron James PG Ben Simmons C Andre Drummond SG JJ Redick G Yogi Ferrell F Shabazz Muhammad PF Lance Thomas UTIL Vince Carter",NA,"","","",NA
424,955616099,"Intimadator2007",0,184.5,"SF LeBron James PG Dennis Schroder C Zach Randolph SG Buddy Hield G Avery Bradley PF Ersan Ilyasova F Doug McDermott UTIL Maxi Kleber",NA,"","","",NA
425,955379313,"fiddleisk",0,184.25,"SF Ben Simmons SG Bradley Beal F Courtney Lee UTIL Dario Saric PF DeMarre Carroll G Avery Bradley C Julius Randle PG De'Aaron Fox",NA,"","","",NA
425,955742115,"Ben919 (3/4)",0,184.25,"PG Ben Simmons SG Bradley Beal SF Otto Porter Jr. C Zach Randolph UTIL Kenneth Faried F Jeff Green G Ish Smith PF Tyler Cavanaugh",NA,"","","",NA
427,955740859,"RoXMvPRoY2007",0,180,"PG Ben Simmons C Andre Drummond UTIL Bradley Beal SF Andrew Wiggins SG Kelly Oubre Jr. PF Trey Lyles G Garrett Temple F Juancho Hernangómez",NA,"","","",NA
428,955737116,"JustSayMo",0,175.5,"SF LeBron James PG Ben Simmons PF Dario Saric UTIL Greg Monroe F Larry Nance Jr. G Jarrett Jack SG Josh Jackson C Jahlil Okafor",NA,"","","",NA
429,955739360,"tradane32",0,174.25,"SF LeBron James PG Ben Simmons SG Jimmy Butler PF T.J. Warren G Dejounte Murray F Justin Jackson C Quincy Acy UTIL Ramon Sessions",NA,"","","",NA
430,955042255,"gooda_chaser",0,171.75,"PG Dennis Schroder C Zach Randolph PF T.J. Warren SG Gary Harris SF Brandon Ingram G Dwyane Wade F Greg Monroe UTIL Kelly Oubre Jr.",NA,"","","",NA
431,955742514,"Dmc76",0,165.75,"PF LeBron James SF Ben Simmons UTIL Dario Saric F Willie Cauley-Stein SG Avery Bradley C Greg Monroe PG Tomas Satoransky G Damyean Dotson",NA,"","","",NA
432,955494553,"nabs1976 (6/20)",0,0,"",NA,"","","",NA
432,955494586,"nabs1976 (7/20)",0,0,"",NA,"","","",NA
432,955494768,"nabs1976 (8/20)",0,0,"",NA,"","","",NA
432,955494800,"nabs1976 (9/20)",0,0,"",NA,"","","",NA
432,955495124,"nabs1976 (10/20)",0,0,"",NA,"","","",NA
432,955495294,"nabs1976 (11/20)",0,0,"",NA,"","","",NA
432,955495338,"nabs1976 (12/20)",0,0,"",NA,"","","",NA
432,955495419,"nabs1976 (13/20)",0,0,"",NA,"","","",NA
432,955495463,"nabs1976 (14/20)",0,0,"",NA,"","","",NA
432,955498193,"nabs1976 (15/20)",0,0,"",NA,"","","",NA
432,955498230,"nabs1976 (16/20)",0,0,"",NA,"","","",NA
432,955498406,"nabs1976 (17/20)",0,0,"",NA,"","","",NA
432,955498447,"nabs1976 (18/20)",0,0,"",NA,"","","",NA
432,955498787,"nabs1976 (19/20)",0,0,"",NA,"","","",NA
