"Player","Pos","Team","Opp","Def v Pos","VegasPts","Salary","Floor","Ceiling","FPG","FPPM","USG","FGA","MPG","Proj Mins","FC Proj","My Proj","Exposure","Con.","Value","Mins","Score","Val"
"Kevin Durant","SF/PFSFPF","GSW","vs MEM","13th",106.75,11600,31.5,70.8,49.5,1.45,31.2,19,34.2,36,48.35,48.35,"%",77,4.2,33,38,3.3
"Russell Westbrook","PG","OKC","vs UTA","8th",102.75,11400,35.6,77.2,54.7,1.52,34.2,20.8,36,36,53.46,53.46,"%",78,4.7,27,56,4.9
"James Harden","PG/SGPGSG","HOU","vs LAL","14th",120.5,11000,38.4,79,56.7,1.61,36.4,20.9,35.3,35,55.79,55.79,"%",80,5.1,43,71.25,6.5
"Chris Paul","PG/SGPGSG","HOU","vs LAL","28th",120.5,9800,39.6,76.3,44.4,1.43,22.8,12.5,31,35,55.34,55.34,"%",76,5.6,25,20.75,2.1
"Nikola Vucevic","C","ORL","@ CHI","19th",102.75,9400,26.9,75.5,40.2,1.33,25.1,14.9,30.2,33,47.72,47.72,"%",65,5.1,31,38.5,4.1
"Victor Oladipo","PG/SGPGSG","IND","@ ATL","24th",109.25,9200,33.6,75,43.2,1.27,31.2,18.6,34.1,38,51.34,51.34,"%",73,5.6,31,34.75,3.8
"Andre Drummond","C","DET","@ DAL","12th",98,9100,24.8,64,43.3,1.33,20.9,10.1,32.5,33,41.58,41.58,"%",74,4.6,21,31.25,3.4
"Karl-Anthony Towns","C","MIN","@ DEN","19th",107.5,9000,32.9,74.5,43.4,1.23,23.9,14.5,35.3,39,50.7,50.7,"%",73,5.6,37,48.5,5.4
"Jimmy Butler","SG","MIN","@ DEN","10th",107.5,8800,23.8,61.2,38.5,1.05,23.4,15.6,36.8,37,39.85,39.85,"%",72,4.5,34,36.5,4.1
"Damian Lillard","PG","POR","vs SAS","6th",100.25,8500,25.6,58.7,44.6,1.22,30.8,19.4,36.5,37,39.78,39.78,"%",79,4.7,34,30.5,3.6
"DeMar DeRozan","SG/SFSGSF","TOR","@ CHA","20th",107.25,8300,27.5,61.6,38.9,1.15,30.5,17.5,33.8,35,42.14,42.14,"%",75,5.1,29,41.5,5
"Kyle Lowry","PG","TOR","@ CHA","14th",107.25,8200,24.5,67.3,38.1,1.17,21.7,12,32.5,35,42.84,42.84,"%",68,5.2,24,26.75,3.3
"Nikola Jokic","C","DEN","vs MIN","30th",108.5,8100,21.3,70.5,39.2,1.39,22.5,11.4,28.3,28,42.36,42.36,"%",64,5.2,36,35.5,4.4
"Kyrie Irving","PG","BOS","vs MIA","10th",104.5,8000,21.4,59.6,38.7,1.23,32.7,18.1,31.5,33,37.79,37.79,"%",72,4.7,37,49.5,6.2
"LaMarcus Aldridge","PF/CPFC","SAS","@ POR","2nd",98.25,7800,13.8,46.4,39.1,1.19,29.2,17.5,32.9,30,27.78,27.78,"%",76,3.6,35,37,4.7
"Marc Gasol","C","MEM","@ GSW","6th",97.75,7700,17.9,53.6,39.7,1.15,28.5,15.5,34.4,34,33.18,33.18,"%",74,4.3,35,43.25,5.6
"Louis Williams","PG/SGPGSG","LAC","vs PHX","25th",110.25,7600,20.9,63.6,32.6,1.07,28.6,14.8,30.4,35,39.24,39.24,"%",63,5.2,28,21.75,2.9
"Dwight Howard","C","CHA","vs TOR","10th",105.25,7600,21.1,63.6,36.4,1.23,26.1,11,29.7,32,39.3,39.3,"%",67,5.2,26,26.75,3.5
"DeAndre Jordan","C","LAC","vs PHX","23rd",110.25,7500,25.9,63.7,34.7,1.08,14.3,7.3,32.1,34,42.09,42.09,"%",69,5.6,30,39.5,5.3
"Paul George","SF","OKC","vs UTA","6th",102.75,7400,15.6,59.5,38.1,1.04,25.6,17,36.7,36,34.38,34.38,"%",67,4.6,30,35,4.7
"Al Horford","PF/CPFC","BOS","vs MIA","18th",104.5,7300,22,50,35.8,1.1,18.9,10.7,32.4,33,33.99,33.99,"%",78,4.7,26,18.5,2.5
"Dennis Schroder","PG","ATL","vs IND","13th",104.25,7300,25.2,52,35.1,1.11,30,17.4,31.5,34,36.65,36.65,"%",78,5,31,27.25,3.7
"Klay Thompson","SG","GSW","vs MEM","12th",106.75,7200,24.7,48.2,33.4,1,24.5,16.5,33.5,36,34.74,34.74,"%",80,4.8,37,43,6
"Kris Dunn","PG/SGPGSG","CHI","vs ORL","29th",107.75,7200,26.1,63.1,30.6,1.09,25.9,12.6,28,34,41.96,41.96,"%",66,5.8,24,40,5.6
"Kemba Walker","PG","CHA","vs TOR","7th",105.25,7100,18.9,54.3,37.6,1.08,26.8,17.1,34.7,34,34.07,34.07,"%",73,4.8,27,28.5,4
"Tyreke Evans","PG/SGPGSG","MEM","@ GSW","17th",97.75,7000,19,59,33.5,1.13,27.8,14.4,29.7,33,36.14,36.14,"%",66,5.2,32,30,4.3
"Jonathon Simmons","SG/SFSGSF","ORL","@ CHI","28th",102.75,6900,16.9,51,24.6,0.88,25.2,12.1,28.1,35,31.5,31.5,"%",60,4.6,33,16.5,2.4
"Harrison Barnes","SF/PFSFPF","DAL","vs DET","26th",99,6700,22.1,47.1,32,0.93,25,15.4,34.5,36,32.83,32.83,"%",78,4.9,31,39.25,5.9
"Lonzo Ball","PG","LAL","@ HOU","2nd",105.5,6700,12.2,59.6,33.3,1.01,17.4,10.8,33,37,32.52,32.52,"%",59,4.9,38,37.75,5.6
"Spencer Dinwiddie","PG/SGPGSG","BKN","vs SAC","15th",105.5,6700,19.2,58.9,29.2,1.11,20.8,10.5,26.2,31,36.21,36.21,"%",61,5.4,31,28.25,4.2
"Myles Turner","C","IND","@ ATL","20th",109.25,6600,16.1,50.2,30.7,1.04,20.9,11.1,29.6,30,30.72,30.72,"%",68,4.7,29,38,5.8
"Kent Bazemore","SG/SFSGSF","ATL","vs IND","5th",104.25,6500,14,49.4,28.7,1.01,22.6,10.5,28.3,31,29.14,29.14,"%",65,4.5,26,26.25,4
"Brandon Ingram","SG/SFSGSF","LAL","@ HOU","21st",105.5,6500,26,61.7,30.7,0.9,22.3,13.3,34.1,38,41.31,41.31,"%",67,6.4,40,33,5.1
"Nikola Mirotic","PF/CPFC","CHI","vs ORL","22nd",107.75,6400,17,59.4,34.1,1.32,27.6,13.5,25.8,26,35.15,35.15,"%",65,5.5,21,33,5.2
"C.J. McCollum","PG/SGPGSG","POR","vs SAS","2nd",100.25,6400,19,43.9,33.4,0.92,25.6,17.5,36.2,37,29.67,29.67,"%",79,4.6,38,30.25,4.7
"Taurean Prince","SG/SFSGSF","ATL","vs IND","5th",104.25,6400,11.6,44.6,26.9,0.88,20.3,11.1,30.7,32,25.76,25.76,"%",65,4,27,21.5,3.4
"Jusuf Nurkic","C","POR","vs SAS","13th",100.25,6400,13.7,54.6,30.5,1.12,28.9,13.3,27.3,29,31.23,31.23,"%",62,4.9,25,23.5,3.7
"Tobias Harris","SF/PFSFPF","DET","@ DAL","11th",98,6300,14.5,46.9,29.6,0.92,22.6,14.6,32.2,33,28.35,28.35,"%",69,4.5,28,19.5,3.1
"Gary Harris","SG","DEN","vs MIN","5th",108.5,6300,17.9,46.2,29.4,0.87,19.8,13,33.7,34,30.02,30.02,"%",72,4.8,NA,NA,NA
"Steven Adams","C","OKC","vs UTA","2nd",102.75,6300,10.6,42.1,30,0.93,16.5,9.2,32.1,32,24.13,24.13,"%",70,3.8,25,26.25,4.2
"Thaddeus Young","SF/PFSFPF","IND","@ ATL","20th",109.25,6200,19.9,47.1,28.2,0.85,17.7,11.5,33.2,34,31.55,31.55,"%",72,5.1,29,20,3.2
"Dion Waiters","SG/SFSGSF","MIA","@ BOS","6th",95.5,6200,12.2,45.4,25.5,0.83,25.8,14.2,30.6,36,26.39,26.39,"%",63,4.3,36,23.75,3.8
"T.J. Warren","SF/PFSFPF","PHX","@ LAC","3rd",105.25,6200,8.2,50,30.1,0.97,26.3,15.8,31,32,26.11,26.11,"%",60,4.2,33,45.5,7.3
"Will Barton","SG/SFSGSF","DEN","vs MIN","12th",108.5,6200,8.5,48.9,30.8,1,21.8,12.4,30.8,27,25.79,25.79,"%",63,4.2,33,24.25,3.9
"Zach Randolph","PF/CPFC","SAC","@ BKN","16th",100.5,6200,15.3,57.5,29.4,1.15,27.4,12.9,25.5,27,33.37,33.37,"%",59,5.4,26,36.5,5.9
"Jeff Teague","PG","MIN","@ DEN","26th",107.5,6100,16,51.9,31.1,0.92,19.8,11.1,33.7,35,31.4,31.4,"%",67,5.1,32,36.5,6
"Rondae Hollis-Jefferson","SF/PFSFPF","BKN","vs SAC","8th",105.5,6100,15.6,52.2,27.7,1.01,22.1,10.4,27.3,32,31.3,31.3,"%",62,5.1,36,31.5,5.2
"Andrew Wiggins","SF/PFSFPF","MIN","@ DEN","7th",107.5,6000,10.7,39.7,28.9,0.8,23.9,15.7,36.2,36,23.11,23.11,"%",71,3.9,34,22.25,3.7
"Serge Ibaka","PF/CPFC","TOR","@ CHA","17th",107.25,5900,16.4,42.8,25.9,0.95,20.3,10.6,27.2,29,27.72,27.72,"%",71,4.7,27,37.75,6.4
"Taj Gibson","PF/CPFC","MIN","@ DEN","19th",107.5,5900,16.2,48.7,26.8,0.81,14.5,8.4,33,35,30.14,30.14,"%",65,5.1,30,22.25,3.8
"Josh Richardson","SG/SFSGSF","MIA","@ BOS","6th",95.5,5900,11.2,47.5,22.1,0.68,17.5,9.8,32.3,39,26.72,26.72,"%",53,4.5,37,35.5,6
"Carmelo Anthony","SF/PFSFPF","OKC","vs UTA","6th",102.75,5800,15.5,43.2,30.8,0.94,24.9,15.9,32.7,34,27.37,27.37,"%",74,4.7,25,30.25,5.2
"Kyle Kuzma","SF/PFSFPF","LAL","@ HOU","21st",105.5,5800,22.3,53.8,28.8,0.96,22.1,13,30.1,32,35.78,35.78,"%",69,6.2,39,58.25,10
"Jamal Murray","PG/SGPGSG","DEN","vs MIN","5th",108.5,5700,6.8,49,24.4,0.9,24.1,12.2,27.1,28,24.84,24.84,"%",51,4.4,37,45,7.9
"Austin Rivers","PG/SGPGSG","LAC","vs PHX","25th",110.25,5700,17.9,49.5,25.6,0.79,22.1,13.2,32.5,36,31.43,31.43,"%",65,5.5,29,35.5,6.2
"Nicolas Batum","SG/SFSGSF","CHA","vs TOR","13th",105.25,5700,14.6,47.2,25.5,0.84,17.7,9.9,30.4,34,28.56,28.56,"%",63,5,25,9.5,1.7
"Reggie Jackson","PG","DET","@ DAL","20th",98,5600,14.3,42.5,27.4,1.02,26.8,12.5,26.9,27,26.35,26.35,"%",71,4.7,20,16.75,3
"Elfrid Payton","PG","ORL","@ CHI","25th",102.75,5600,15.3,50.5,27.1,0.97,20.3,9.3,27.8,30,30.42,30.42,"%",63,5.4,30,35.5,6.3
"Rodney Hood","SG/SFSGSF","UTA","@ OKC","11th",94.75,5600,20.6,52.1,26.5,0.95,27.8,14.5,27.8,33,34.09,34.09,"%",66,6.1,27,18.5,3.3
"Darren Collison","PG","IND","@ ATL","24th",109.25,5600,15.8,53,28.2,0.93,17.4,9.4,30.2,31,31.71,31.71,"%",62,5.7,22,13.75,2.5
"Caris LeVert","SG/SFSGSF","BKN","vs SAC","8th",105.5,5600,14.3,44.6,24.3,0.93,21.6,9.7,26,28,27.27,27.27,"%",64,4.9,26,26.5,4.7
"Jayson Tatum","SF/PFSFPF","BOS","vs MIA","23rd",104.5,5600,16.8,44.4,26.8,0.89,18,9.1,30,31,28.61,28.61,"%",71,5.1,28,24.25,4.3
"Juan Jose Barea","PG/SGPGSG","DAL","vs DET","11th",99,5600,16.5,40.3,25.3,1.13,27,10.2,22.3,23,26.66,26.66,"%",73,4.8,18,27.25,4.9
"Alex Len","PF/CPFC","PHX","@ LAC","27th",105.25,5600,22.2,59.6,25.4,1.16,17.4,6.1,21.9,27,38.21,38.21,"%",58,6.8,17,24.25,4.3
"Jordan Clarkson","PG/SGPGSG","LAL","@ HOU","22nd",105.5,5600,10.9,44.9,23.4,1.06,28.3,11.9,22,25,25.48,25.48,"%",58,4.6,18,9.75,1.7
"Domantas Sabonis","PF/CPFC","IND","@ ATL","20th",109.25,5500,12.6,42.9,26.3,1.11,23.1,8.6,23.8,23,25.58,25.58,"%",67,4.7,21,15.5,2.8
"Willie Cauley-Stein","PF/CPFC","SAC","@ BKN","28th",100.5,5400,14.6,50.1,23.8,0.97,21.1,8.7,24.6,28,29.82,29.82,"%",57,5.5,30,26.25,4.9
"Julius Randle","PF/CPFC","LAL","@ HOU","3rd",105.5,5400,18.2,43.3,25,1.12,24.1,8.8,22.4,32,28.96,28.96,"%",71,5.4,8,6.25,1.2
"Kelly Olynyk","PF/CPFC","MIA","@ BOS","8th",95.5,5400,14.8,44.7,21.1,0.99,20.4,6.6,21.3,31,27.62,27.62,"%",60,5.1,37,48.75,9
"Jonas Valanciunas","C","TOR","@ CHA","11th",107.25,5400,7.9,46.8,23.7,1.14,21.7,7.7,20.8,23,24.59,24.59,"%",53,4.6,15,18.75,3.5
"Rudy Gay","SF/PFSFPF","SAS","@ POR","15th",98.25,5400,13.2,41.5,24.3,1.05,24.9,9.5,23.1,27,25.33,25.33,"%",67,4.7,15,10.75,2
"Jaylen Brown","SG/SFSGSF","BOS","vs MIA","23rd",104.5,5400,16.2,42.5,26.6,0.87,21.4,11.3,30.7,32,27.49,27.49,"%",72,5.1,31,29,5.4
"Derrick Favors","PF/CPFC","UTA","@ OKC","11th",94.75,5300,16.4,55.1,25.7,0.96,19.7,9.1,26.8,30,32.97,32.97,"%",57,6.2,22,11.5,2.2
"Pau Gasol","PF/CPFC","SAS","@ POR","7th",98.25,5300,3,39,27,1.13,20,8.1,24,18,18.43,18.43,"%",62,3.5,33,52.75,10
"John Collins","PF/CPFC","ATL","vs IND","27th",104.25,5300,14.3,45.6,24.3,1.09,21.4,8,22.2,24,27.72,27.72,"%",63,5.2,26,29.25,5.5
"Yogi Ferrell","PG/SGPGSG","DAL","vs DET","11th",99,5200,3.6,33.1,19.4,0.68,17,8.3,28.5,24,16.22,16.22,"%",57,3.1,31,25.25,4.9
"Milos Teodosic","PG/SGPGSG","LAC","vs PHX","27th",110.25,5200,19.5,43.8,20.7,0.95,22.2,9,21.7,28,29.93,29.93,"%",66,5.8,27,24.25,4.7
"Kyle Anderson","PG/SFPGSF","SAS","@ POR","15th",98.25,5200,1.4,28.2,24.5,0.91,15.1,6.8,27,15,12.89,12.89,"%",69,2.5,24,23,4.4
"Justin Holiday","SG/SFSGSF","CHI","vs ORL","19th",107.75,5200,12.6,40.8,27.2,0.81,20,12.8,33.4,30,24.66,24.66,"%",70,4.7,28,22.5,4.3
"Marcus Smart","SG/SFSGSF","BOS","vs MIA","10th",104.5,5100,10.4,38.1,24.4,0.82,19.9,9.2,29.9,31,22.26,22.26,"%",68,4.4,36,29,5.7
"Ricky Rubio","PG","UTA","@ OKC","1st",94.75,5100,13.6,47.7,26.6,0.93,23.2,10.1,28.6,35,28.25,28.25,"%",63,5.5,25,8.5,1.7
"Lauri Markkanen","PF","CHI","vs ORL","22nd",107.75,5100,15.5,43.2,29.8,1,22.5,12.9,29.9,27,27.35,27.35,"%",73,5.4,19,17.25,3.4
"Ersan Ilyasova","SF/PFSFPF","ATL","vs IND","27th",104.25,5100,16.7,51,20.3,0.89,17.7,8.2,22.9,30,31.38,31.38,"%",52,6.2,26,17.75,3.5
"Dennis Smith Jr.","PG/SGPGSG","DAL","vs DET","11th",99,5000,12.5,43,27,0.98,30,14.5,27.5,26,25.56,25.56,"%",68,5.1,21,28.75,5.8
"Danny Green","SG/SFSGSF","SAS","@ POR","9th",98.25,5000,4.4,39.4,21.4,0.78,17.1,8.6,27.3,25,19.4,19.4,"%",53,3.9,24,16.5,3.3
"Joe Ingles","SG/SFSGSF","UTA","@ OKC","10th",94.75,5000,16.2,40,25,0.83,16,8.5,30,33,26.37,26.37,"%",73,5.3,22,12,2.4
"Bobby Portis","PF","CHI","vs ORL","22nd",107.75,4900,10.3,42.5,25.6,1.2,25.4,10.3,21.4,20,24.1,24.1,"%",64,4.9,14,23.75,4.8
"Tyler Johnson","PG/SGPGSG","MIA","@ BOS","6th",95.5,4900,16.6,44.2,20.9,0.77,19.1,9.2,27.3,38,28.42,28.42,"%",62,5.8,36,35.25,7.2
"Larry Nance Jr.","SF/PFSFPF","LAL","@ HOU","21st",105.5,4900,12.6,44.1,23.3,1.02,15.5,6.5,22.8,25,26.1,26.1,"%",61,5.3,22,32.25,6.6
"Eric Gordon","SG","HOU","vs LAL","14th",120.5,4900,11.4,42.2,27.2,0.88,26.1,14.3,30.8,32,24.61,24.61,"%",68,5,35,32,6.5
"DeMarre Carroll","SF/PFSFPF","BKN","vs SAC","2nd",105.5,4900,13.3,40.7,27,0.94,19.7,10.3,28.7,31,25.05,25.05,"%",71,5.1,24,29.75,6.1
"George Hill","PG/SGPGSG","SAC","@ BKN","30th",100.5,4800,17,46.6,19.8,0.77,16.9,7.7,25.7,30,29.7,29.7,"%",57,6.2,34,37.25,7.8
"Trevor Ariza","SG/SFSGSF","HOU","vs LAL","19th",120.5,4800,18.5,39.3,24.5,0.71,13.5,9.2,34.5,38,27.44,27.44,"%",76,5.7,44,48.75,10.2
"Trey Lyles","SF/PFSFPF","DEN","vs MIN","7th",108.5,4800,6.6,47.2,15.8,1.03,20.5,5.5,15.4,25,23.98,23.98,"%",27,5,24,18.25,3.8
"Jeremy Lamb","SG/SFSGSF","CHA","vs TOR","13th",105.25,4700,9.4,42.1,26.5,1,24.1,11.7,26.6,23,23.41,23.41,"%",65,5,28,41.25,8.8
"Jordan Bell","PF/CPFC","GSW","vs MEM","9th",106.75,4700,13.1,44.3,13.5,1.14,13.7,3,11.8,24,26.5,26.5,"%",34,5.6,26,18,3.8
"Mario Hezonja","SG","ORL","@ CHI","28th",102.75,4700,10.4,52.1,10.4,0.82,16.8,4,12.7,30,28.26,28.26,"%",0,6,24,15,3.2
"Omri Casspi","SF/PFSFPF","GSW","vs MEM","13th",106.75,4700,7.9,43.1,15.8,1.03,15.5,4.3,15.3,25,23,23,"%",36,4.9,25,22,4.7
"Buddy Hield","SG/SFSGSF","SAC","@ BKN","27th",100.5,4700,11.3,49.2,22.4,0.99,25.6,10.8,22.6,27,27.54,27.54,"%",52,5.9,16,6,1.3
"Wesley Matthews","SG/SFSGSF","DAL","vs DET","4th",99,4700,8,41.9,23.2,0.68,17.4,10.9,34.1,33,22.54,22.54,"%",58,4.8,27,14.5,3.1
"Robin Lopez","C","CHI","vs ORL","21st",107.75,4700,12,36.5,24.6,0.83,20.6,11.3,29.6,27,22.49,22.49,"%",72,4.8,26,24.25,5.2
"Michael Kidd-Gilchrist","SF","CHA","vs TOR","4th",105.25,4600,4.8,39.1,20.8,0.78,16.3,8.7,26.7,28,19.52,19.52,"%",53,4.2,21,22.5,4.9
"Bam Adebayo","PF/CPFC","MIA","@ BOS","8th",95.5,4600,12,46.5,15.4,0.87,14.1,3.9,17.7,31,26.78,26.78,"%",36,5.8,20,11.75,2.6
"Wilson Chandler","SF/PFSFPF","DEN","vs MIN","12th",108.5,4600,8.1,36.9,20.7,0.7,15.1,8.3,29.6,29,20.42,20.42,"%",60,4.4,37,28.5,6.2
"Al-Farouq Aminu","SF/PFSFPF","POR","vs SAS","24th",100.25,4600,11.6,44.8,23.8,0.81,14.1,7.9,29.3,32,25.82,25.82,"%",60,5.6,35,29.5,6.4
"Isaiah Canaan","PG/SGPGSG","PHX","@ LAC","5th",105.25,4500,1.1,55.4,22.8,1.25,20,5.3,18.3,21,24.34,24.34,"%",32,5.4,22,18.5,4.1
"JaMychal Green","SF/PFSFPF","MEM","@ GSW","12th",97.75,4500,10.3,38.9,20.7,0.74,18.6,8.1,27.8,31,22.54,22.54,"%",61,5,24,14.5,3.2
"Dirk Nowitzki","PF/CPFC","DAL","vs DET","14th",99,4500,14.1,39.6,23,0.94,20.4,9.5,24.5,25,25.03,25.03,"%",68,5.6,25,21.5,4.8
"Bogdan Bogdanovic","SG/SFSGSF","SAC","@ BKN","27th",100.5,4500,16.6,37.7,18.8,0.78,20.1,8.3,24,29,25.61,25.61,"%",68,5.7,33,20.25,4.5
"Allen Crabbe","SG/SFSGSF","BKN","vs SAC","8th",105.5,4400,9.5,39.3,21.6,0.79,18.5,10.2,27.5,31,22.26,22.26,"%",60,5.1,32,21.25,4.8
"Bojan Bogdanovic","SG/SFSGSF","IND","@ ATL","24th",109.25,4400,7.9,38.4,21.8,0.71,18.2,10.6,30.9,31,20.93,20.93,"%",60,4.8,33,23.75,5.4
"Terry Rozier","PG/SGPGSG","BOS","vs MIA","10th",104.5,4300,5.4,36.9,19.8,0.88,19.4,8.4,22.6,23,18.93,18.93,"%",55,4.4,17,9.25,2.2
"Tyson Chandler","C","PHX","@ LAC","27th",105.25,4300,8.1,36.8,22.4,0.89,11,4.3,25.1,20,20.4,20.4,"%",63,4.7,22,10,2.3
"Marvin Williams","SF/PFSFPF","CHA","vs TOR","5th",105.25,4300,6.1,33.7,19.3,0.74,14,7,26,27,17.93,17.93,"%",59,4.2,20,14,3.3
"Lance Stephenson","SG/SFSGSF","IND","@ ATL","24th",109.25,4300,10.2,38.1,19.8,0.91,19.5,7.4,21.7,24,22.13,22.13,"%",60,5.1,26,30,7
"Andre Iguodala","SG/SFSGSF","GSW","vs MEM","12th",106.75,4300,13.1,31.9,18.6,0.7,11.3,5.1,26.5,30,21.15,21.15,"%",71,4.9,NA,NA,NA
"Alec Burks","PG/SGPGSG","UTA","@ OKC","11th",94.75,4300,9.6,49.6,18.3,0.96,24,8.2,19.1,25,26.7,26.7,"%",38,6.2,24,32.75,7.6
"Ekpe Udoh","PF/CPFC","UTA","@ OKC","11th",94.75,4300,0,26.8,12.4,0.8,9.1,2.3,15.5,14,11.48,11.48,"%",38,2.7,18,12.5,2.9
"David Nwaba","PG/SGPGSG","CHI","vs ORL","19th",107.75,4300,12,41.3,20.1,0.85,13.5,5.4,23.6,28,24.58,24.58,"%",58,5.7,19,14.5,3.4
"Denzel Valentine","SG/SFSGSF","CHI","vs ORL","19th",107.75,4200,5.9,38.4,21.8,0.79,16.6,9,27.7,26,19.86,19.86,"%",57,4.7,28,40.5,9.6
"Patrick Mills","PG","SAS","@ POR","4th",98.25,4200,7,32,19.5,0.79,18.6,8.2,24.6,23,17.69,17.69,"%",63,4.2,23,12.75,3
"Ryan Anderson","PF/CPFC","HOU","vs LAL","18th",120.5,4200,9.5,43,21.2,0.77,15.7,8.4,27.7,30,23.82,23.82,"%",55,5.7,25,11.5,2.7
"Dejounte Murray","PG","SAS","@ POR","4th",98.25,4100,3.1,45.4,17.8,0.97,19.2,6.4,18.3,24,21.19,21.19,"%",32,5.2,27,17.75,4.3
"Mason Plumlee","PF/CPFC","DEN","vs MIN","7th",108.5,4100,8.2,36.6,18.6,0.99,18.2,5,18.8,23,20.36,20.36,"%",56,5,28,40.5,9.9
"Andrew Harrison","PG/SGPGSG","MEM","@ GSW","12th",97.75,4100,7.5,35.9,14.5,0.8,20,5.3,18.2,23,19.67,19.67,"%",44,4.8,24,13.5,3.3
"Frank Mason III","PG/SGPGSG","SAC","@ BKN","30th",100.5,4000,14.4,38.4,16.2,0.88,25.3,7,18.4,23,24.7,24.7,"%",58,6.2,16,12.75,3.2
"Mike James","PG","PHX","@ LAC","5th",105.25,4000,0,28.9,21.5,1.04,26.1,9.8,20.7,10,10.22,10.22,"%",56,2.6,11,12.5,3.1
"Frank Kaminsky","PF/CPFC","CHA","vs TOR","10th",105.25,4000,7.8,42.4,19.2,0.86,20.8,9.3,22.3,25,22.63,22.63,"%",48,5.7,23,11.25,2.8
"Maxi Kleber","PF","DAL","vs DET","14th",99,4000,5.4,37.9,13.3,0.71,13.1,4.5,18.7,26,19.34,19.34,"%",30,4.8,19,8.5,2.1
"Tyler Ulis","PG","PHX","@ LAC","5th",105.25,4000,4.2,33.7,18,0.77,19.8,7.8,23.3,24,16.87,16.87,"%",53,4.2,17,6,1.5
"Manu Ginobili","SG/SFSGSF","SAS","@ POR","9th",98.25,4000,2.5,30.7,16.1,0.8,22.6,7.1,20.2,19,14.61,14.61,"%",50,3.7,25,21.25,5.3
"Wayne Ellington","SG/SFSGSF","MIA","@ BOS","6th",95.5,4000,9.8,43.3,16,0.77,17.3,7,20.9,32,24.16,24.16,"%",40,6,31,18.5,4.6
"Stanley Johnson","SG/SFSGSF","DET","@ DAL","11th",98,4000,5,33.4,16.9,0.62,13.5,7,27.3,28,17.14,17.14,"%",52,4.3,28,21.5,5.4
"Troy Daniels","SG","PHX","@ LAC","26th",105.25,3900,9.2,40.8,11.5,0.69,17.6,6,16.6,28,22.74,22.74,"%",21,5.8,21,13.75,3.5
"Cory Joseph","PG","IND","@ ATL","24th",109.25,3900,5.3,33.3,17.8,0.73,15.2,6.7,24.3,25,17.3,17.3,"%",55,4.4,28,18.25,4.7
"Pascal Siakam","PF","TOR","@ CHA","17th",107.25,3900,3.8,29.7,17.3,0.88,16.1,6.1,19.6,18,14.87,14.87,"%",57,3.8,17,27.5,7.1
"D.J. Augustin","PG/SGPGSG","ORL","@ CHI","25th",102.75,3900,5.7,35.6,17.3,0.85,18.7,5.9,20.3,21,18.5,18.5,"%",51,4.7,28,21.5,5.5
"Josh Jackson","SG/SFSGSF","PHX","@ LAC","3rd",105.25,3900,3.4,30.7,17.2,0.79,24,9,21.7,23,15.11,15.11,"%",55,3.9,30,26,6.7
"Jerian Grant","PG/SGPGSG","CHI","vs ORL","29th",107.75,3900,0.5,32.8,20.8,0.92,18.8,6.9,22.7,13,14.34,14.34,"%",56,3.7,23,25.5,6.5
"Langston Galloway","PG/SGPGSG","DET","@ DAL","20th",98,3900,7.1,33.8,12.1,0.88,20.7,5.7,13.8,19,18.56,18.56,"%",37,4.8,17,10,2.6
"Joe Harris","SG/SFSGSF","BKN","vs SAC","8th",105.5,3900,5.7,29.3,17.4,0.73,17.2,8.1,23.7,23,15.82,15.82,"%",61,4.1,25,22,5.6
"Aron Baynes","C","BOS","vs MIA","1st",104.5,3900,2.7,28.6,15.2,0.85,17,5,17.8,20,13.82,13.82,"%",51,3.5,16,8.25,2.1
"Ishmael Smith","PG","DET","@ DAL","20th",98,3900,8.3,30.7,18,0.93,23.3,8.5,19.4,21,17.93,17.93,"%",65,4.6,23,24.5,6.3
"Jakob Poeltl","PF/CPFC","TOR","@ CHA","11th",107.25,3800,4.7,35.3,15.6,0.96,17.7,4.6,16.3,23,17.85,17.85,"%",44,4.7,22,24,6.3
"Ed Davis","PF/CPFC","POR","vs SAS","4th",100.25,3800,4.7,27.7,15.8,0.93,13.6,3.7,17,19,14.52,14.52,"%",58,3.8,22,23.75,6.3
"P.J. Tucker","SF/PFSFPF","HOU","vs LAL","19th",120.5,3800,13.4,36.5,18,0.67,10.9,5,26.8,34,23.32,23.32,"%",63,6.1,35,27,7.1
"Evan Turner","SG/SFSGSF","POR","vs SAS","2nd",100.25,3800,7.3,32.8,17.7,0.68,16.7,7.3,26.2,32,18.24,18.24,"%",59,4.8,32,18.25,4.8
"Sam Dekker","SF/PFSFPF","LAC","vs PHX","17th",110.25,3800,4.9,26,8.9,0.72,17.9,4.2,12.3,19,13.91,13.91,"%",32,3.7,19,13.75,3.6
"Jawun Evans","PG","LAC","vs PHX","27th",110.25,3800,0,23.6,11.4,0.74,21.8,5.5,15.5,9,7.63,7.63,"%",30,2,13,6.5,1.7
"Joe Johnson","SG/SFSGSF","UTA","@ OKC","10th",94.75,3800,7.4,26.5,13.2,0.65,20.5,7.3,20.3,25,15.6,15.6,"%",59,4.1,18,6.25,1.6
"Mario Chalmers","PG","MEM","@ GSW","12th",97.75,3800,5,37.1,18.4,0.8,19.7,7.2,22.9,25,18.73,18.73,"%",50,4.9,27,26,6.8
"Emmanuel Mudiay","PG","DEN","vs MIN","16th",108.5,3800,0,33.7,18.4,0.89,24.4,8.4,20.7,15,12.78,12.78,"%",43,3.4,NA,NA,NA
"Reggie Bullock","SG/SFSGSF","DET","@ DAL","11th",98,3800,4,34.3,10.3,0.61,12.6,4,17,30,17.01,17.01,"%",16,4.5,24,5.5,1.4
"Jamil Wilson","SF/PFSFPF","LAC","vs PHX","17th",110.25,3700,7.2,31.2,11.7,0.73,16.9,5.3,16.1,24,17.52,17.52,"%",41,4.7,28,21.5,5.8
"Fred VanVleet","PG","TOR","@ CHA","14th",107.25,3700,3.4,30,14.7,0.86,18.4,5.9,17,17,14.79,14.79,"%",48,4,24,24.5,6.6
"Arron Afflalo","SG/SFSGSF","ORL","@ CHI","28th",102.75,3700,0.6,20.7,5.7,0.44,9.9,2.6,13.1,18,9.2,9.2,"%",0,2.5,9,3.5,0.9
"Jonas Jerebko","SF/PFSFPF","UTA","@ OKC","11th",94.75,3700,0.2,30.8,14.4,0.86,15.1,5,16.7,14,13.31,13.31,"%",39,3.6,25,13,3.5
"Luke Kennard","SG","DET","@ DAL","16th",98,3700,1.6,26.7,11.6,0.73,18,5.6,16,18,12.33,12.33,"%",38,3.3,17,12.25,3.3
"Jamal Crawford","SG","MIN","@ DEN","10th",107.5,3700,3.7,30.3,15,0.87,26.1,8.1,17.3,18,15.08,15.08,"%",49,4.1,28,32.75,8.9
"Jordan Mickey","PF/CPFC","MIA","@ BOS","8th",95.5,3700,11.1,42.4,12.9,1.08,16.6,3.4,11.9,24,24.48,24.48,"%",31,6.6,24,19.5,5.3
"Marquese Chriss","PF/CPFC","PHX","@ LAC","15th",105.25,3700,1.3,30.9,16.4,0.84,16,5.6,19.5,18,14,14,"%",48,3.8,25,25,6.8
"Marco Belinelli","SG","ATL","vs IND","18th",104.25,3700,4.4,34.5,20,0.84,21.4,9.4,23.7,20,17.26,17.26,"%",57,4.7,23,18.75,5.1
"Dillon Brooks","SG/SFSGSF","MEM","@ GSW","30th",97.75,3700,4,33,15.9,0.58,13.9,6.6,27.6,30,16.41,16.41,"%",48,4.4,21,12.5,3.4
"OG Anunoby","SF/PFSFPF","TOR","@ CHA","25th",107.25,3700,4.7,21.4,12.7,0.63,13.4,5,20.1,22,11.88,11.88,"%",62,3.2,30,32.5,8.8
"Anthony Tolliver","SF/PFSFPF","DET","@ DAL","24th",98,3600,5.2,26.3,13.9,0.76,15.9,5.2,18.3,20,14.24,14.24,"%",57,4,30,25,6.9
"Torrey Craig","SG/SFSGSF","DEN","vs MIN","12th",108.5,3600,1.4,35.1,14.8,0.84,12.1,4,17.7,20,15.86,15.86,"%",35,4.4,37,20,5.6
"Kosta Koufos","C","SAC","@ BKN","28th",100.5,3600,1.5,29.7,16.2,0.92,13.9,4.1,17.7,14,13.57,13.57,"%",50,3.8,21,26,7.2
"Devin Harris","PG/SGPGSG","DAL","vs DET","11th",99,3600,6.1,31.9,16.7,0.9,23.8,6.8,18.6,21,17.14,17.14,"%",56,4.8,17,14.5,4
"Montrezl Harrell","PF/CPFC","LAC","vs PHX","30th",110.25,3600,8.5,30.7,12.9,1.15,22.4,4.3,11.2,15,18.02,18.02,"%",51,5,18,19.5,5.4
"Garrett Temple","PG/SGPGSG","SAC","@ BKN","27th",100.5,3600,0.9,28.7,16.4,0.68,16.4,7.2,24.2,19,12.86,12.86,"%",52,3.6,28,9.75,2.7
"Nik Stauskas","PG/SGPGSG","BKN","vs SAC","8th",105.5,3600,0,29.1,6.6,0.63,12.3,2.3,10.5,12,7.06,7.06,"%",0,2,3,3.5,1
"Norman Powell","SG/SFSGSF","TOR","@ CHA","20th",107.25,3600,5.4,34.1,16,0.8,20.6,7.2,19.9,22,17.69,17.69,"%",49,4.9,23,14,3.9
"Delon Wright","PG/SGPGSG","TOR","@ CHA","14th",107.25,3500,2.3,25.9,15.9,0.81,17.1,4.9,19.6,16,12.4,12.4,"%",58,3.5,18,15,4.3
"Gorgui Dieng","PF/CPFC","MIN","@ DEN","24th",107.5,3500,3.3,32.9,15.5,0.91,17.5,5,17,18,15.97,15.97,"%",46,4.6,20,21.75,6.2
"Andre Roberson","SG/SFSGSF","OKC","vs UTA","1st",102.75,3500,6.4,28.1,15.7,0.61,9.8,4.3,25.9,27,15.69,15.69,"%",60,4.5,23,16,4.6
"Tyler Zeller","C","BKN","vs SAC","29th",105.5,3500,6.7,28,16.9,0.92,20.2,6,18.4,16,15.81,15.81,"%",64,4.5,20,10.75,3.1
"Jerami Grant","SF/PFSFPF","OKC","vs UTA","6th",102.75,3500,5.5,30.2,16.7,0.8,15.9,5.7,21,22,16.06,16.06,"%",58,4.6,19,18.25,5.2
"Alex Abrines","SG/SFSGSF","OKC","vs UTA","1st",102.75,3500,0,22.2,9.9,0.58,14.3,4.4,17,13,7.61,7.61,"%",26,2.2,22,9,2.6
"David West","PF/CPFC","GSW","vs MEM","9th",106.75,3500,10.8,30.7,16.9,1.39,22.3,4.8,12.2,15,19.35,19.35,"%",66,5.5,18,19.5,5.6
"Thabo Sefolosha","SG/SFSGSF","UTA","@ OKC","10th",94.75,3500,3.2,31.6,17.5,0.86,15.8,5.8,20.3,18,15.39,15.39,"%",54,4.4,24,22.75,6.5
"DeAndre Bembry","SG/SFSGSF","ATL","vs IND","5th",104.25,3500,0,29.1,12.1,0.7,20.7,5.1,17.4,20,12.38,12.38,"%",31,3.5,18,12.5,3.6
"Malcolm Delaney","PG/SGPGSG","ATL","vs IND","13th",104.25,3500,0,12,11.7,0.65,17.5,4.6,18,0,0,0,"%",49,0,11,15,4.3
"Shabazz Napier","PG/SGPGSG","POR","vs SAS","6th",100.25,3500,0.9,34.2,14.6,0.88,18,5.6,16.5,19,15.16,15.16,"%",35,4.3,21,20.25,5.8
"Corey Brewer","SG/SFSGSF","LAL","@ HOU","21st",105.5,3400,1,19.8,6.9,0.62,13.4,2.4,11.1,11,9.06,9.06,"%",22,2.7,25,35.75,10.5
"Patrick McCaw","PG/SFPGSF","GSW","vs MEM","12th",106.75,3400,1.2,30.5,9.2,0.64,10.7,3,14.4,23,13.73,13.73,"%",9,4,29,24.5,7.2
"Zach Collins","PF/CPFC","POR","vs SAS","4th",100.25,3400,0.8,30.2,8.2,0.77,25.6,3.7,10.7,20,13.38,13.38,"%",0,3.9,13,6.5,1.9
"Bryn Forbes","PG/SGPGSG","SAS","@ POR","4th",98.25,3400,2.4,28.1,11.5,0.59,16.3,6.3,19.5,28,13.44,13.44,"%",36,4,19,6.5,1.9
"Davis Bertans","SF/PFSFPF","SAS","@ POR","15th",98.25,3400,0,31.6,10,0.94,21.6,3.8,10.6,15,13.32,13.32,"%",9,3.9,4,2.75,0.8
"Jonathan Isaac","SF/PFSFPF","ORL","@ CHI","20th",102.75,3400,7.1,27.9,15.3,0.8,14.7,5,19.1,20,16,16,"%",61,4.7,13,5.5,1.6
"Dragan Bender","SF/PFSFPF","PHX","@ LAC","15th",105.25,3400,5.9,29.6,12.9,0.64,12.4,4.9,20.3,27,16.01,16.01,"%",48,4.7,22,10,2.9
"Brandon Paul","SG","SAS","@ POR","9th",98.25,3400,0,23.1,8.5,0.69,13.9,2.9,12.4,7,4.82,4.82,"%",0,1.4,0,0,NA
"Jarell Martin","PF/CPFC","MEM","@ GSW","12th",97.75,3400,0,21.9,11,0.69,17,4.3,16,12,7.97,7.97,"%",37,2.3,19,18,5.3
"Daniel Theis","PF/CPFC","BOS","vs MIA","1st",104.5,3400,0,25.5,12.1,0.98,19.9,3.4,12.3,13,10.91,10.91,"%",40,3.2,19,12,3.5
"Jarrett Allen","PF/CPFC","BKN","vs SAC","29th",105.5,3400,7,28.5,13.2,0.84,13.5,3.9,15.8,18,16.2,16.2,"%",54,4.8,19,12,3.5
"Kevon Looney","SF/PFSFPF","GSW","vs MEM","9th",106.75,3400,4.5,26.9,8.7,0.9,13.5,2.2,9.7,15,14.12,14.12,"%",26,4.2,13,9.75,2.9
"Isaiah Taylor","PG","ATL","vs IND","13th",104.25,3300,0,22.7,11.6,0.77,18.5,4.5,15,13,8.83,8.83,"%",40,2.7,16,14.5,4.4
"Boban Marjanovic","C","DET","@ DAL","12th",98,3300,0,13.5,10.3,1.41,37.5,3.8,7.3,0,0,0,"%",34,0,14,7.75,2.3
"Quincy Acy","PF/CPFC","BKN","vs SAC","25th",105.5,3300,5.1,23.2,12.1,0.71,16.8,4.8,17,18,12.87,12.87,"%",57,3.9,18,12.75,3.9
"Pat Connaughton","SG/SFSGSF","POR","vs SAS","2nd",100.25,3300,0,23.1,11.3,0.6,14.2,4.9,18.7,15,8.61,8.61,"%",36,2.6,13,5.25,1.6
"Meyers Leonard","PF/CPFC","POR","vs SAS","4th",100.25,3300,0,16.6,11.1,0.99,19.6,4.1,11.2,0,0,0,"%",25,0,3,4.75,1.4
"C.J. Williams","SG","LAC","vs PHX","25th",110.25,3300,5.7,23,9.2,0.61,14.6,4.1,15,20,13.1,13.1,"%",46,4,28,16.75,5.1
"Skal Labissiere","PF/CPFC","SAC","@ BKN","16th",100.5,3300,0,21.4,14.5,0.94,24.5,6.5,15.5,7,6.55,6.55,"%",49,2,12,14.5,4.4
"Paul Zipser","SG/SFSGSF","CHI","vs ORL","29th",107.75,3300,0,20.1,10.2,0.64,16.9,4.9,16,9,6.73,6.73,"%",35,2,19,8.5,2.6
"Tyus Jones","PG/SGPGSG","MIN","@ DEN","26th",107.5,3300,0,32.9,12.5,0.77,10.9,3.1,16.3,14,12.81,12.81,"%",20,3.9,15,9.25,2.8
"Michael Carter-Williams","PG","CHA","vs TOR","7th",105.25,3300,0.8,25.2,13.4,0.82,17.8,4.5,16.4,15,11.25,11.25,"%",48,3.4,15,13,3.9
"Dwight Powell","PF/CPFC","DAL","vs DET","14th",99,3300,6.3,32.8,16.1,0.93,17,4.7,17.3,18,17.69,17.69,"%",53,5.4,20,9.75,3
"Nene Hilario","C","HOU","vs LAL","18th",120.5,3300,11.7,36.1,14.2,1.01,19.8,4.3,14,20,22.12,22.12,"%",51,6.7,25,14.5,4.4
"Miles Plumlee","C","ATL","vs IND","17th",104.25,3300,4.6,27.5,10.6,0.66,12.8,3.2,16,22,14.41,14.41,"%",38,4.4,21,23.25,7
"Shelvin Mack","PG/SGPGSG","ORL","@ CHI","25th",102.75,3300,4.9,31.2,14,0.8,13.1,4.2,17.6,20,16.18,16.18,"%",46,4.9,17,12.25,3.7
"Shane Larkin","PG","BOS","vs MIA","10th",104.5,3300,0,21.9,8.1,0.76,16.7,3.5,10.7,9,6.62,6.62,"%",6,2,8,0.75,0.2
"Patrick Patterson","PF/CPFC","OKC","vs UTA","10th",102.75,3300,0,19.9,8,0.57,10.8,2.8,14,14,8.44,8.44,"%",28,2.6,15,9.25,2.8
"Ben McLemore","SG/SFSGSF","MEM","@ GSW","17th",97.75,3300,1.1,24.4,12.3,0.69,20,6.2,17.7,15,11.09,11.09,"%",46,3.4,22,15.75,4.8
"Nick Young","SG","GSW","vs MEM","13th",106.75,3300,0,29.4,10.8,0.84,21.9,5.2,12.8,17,12.53,12.53,"%",22,3.8,23,18.5,5.6
"James Ennis","SG/SFSGSF","MEM","@ GSW","30th",97.75,3300,4.4,31.6,14.3,0.6,12.2,4.8,24,24,16.06,16.06,"%",46,4.9,16,9.75,3
"Malik Beasley","SG","DEN","vs MIN","5th",108.5,3200,0,19.2,7.4,0.69,18.3,3.6,10.8,11,8.12,8.12,"%",25,2.5,5,4.5,1.4
"Wesley Iwundu","SG/SFSGSF","ORL","@ CHI","20th",102.75,3200,4.6,22,5.9,0.54,19.9,3.3,10.9,21,12.08,12.08,"%",16,3.8,19,7.25,2.3
"JaVale McGee","C","GSW","vs MEM","5th",106.75,3200,1.1,20.1,8.8,1.16,18.9,2.7,7.6,10,9.25,9.25,"%",38,2.9,12,13,4.1
"Semi Ojeleye","SG/SFSGSF","BOS","vs MIA","23rd",104.5,3200,1.1,16.9,6.3,0.46,9.8,2.5,13.7,15,7.89,7.89,"%",28,2.5,10,1.25,0.4
"Quinn Cook","PG","GSW","vs MEM","9th",106.75,3100,0,17.7,7.5,0.68,12.2,2.9,11,9,5.79,5.79,"%",21,1.9,18,13,4.2
"Bismack Biyombo","PF/CPFC","ORL","@ CHI","19th",102.75,3100,2.2,20.6,12.2,0.83,14.4,3.2,14.7,12,10.08,10.08,"%",57,3.3,10,3,1
"Luke Babbitt","SF/PFSFPF","ATL","vs IND","5th",104.25,3100,0,25.7,13.2,0.72,15,5.5,18.4,14,9.25,9.25,"%",38,3,9,1.5,0.5
"Vince Carter","SG/SFSGSF","SAC","@ BKN","27th",100.5,3100,0,15.8,8.6,0.64,14.2,3.5,13.4,7,4.72,4.72,"%",35,1.5,0,0,NA
"Raymond Felton","PG/SGPGSG","OKC","vs UTA","8th",102.75,3100,4.4,24.3,13.9,0.85,19.5,6.5,16.3,16,12.91,12.91,"%",59,4.2,16,17.75,5.7
"Zhou Qi","PF/CPFC","HOU","vs LAL","16th",120.5,3000,0,10.8,4.2,0.84,19.5,1.8,5,4,3.31,3.31,"%",11,1.1,0,0,NA
"Udonis Haslem","PF/CPFC","MIA","@ BOS","8th",95.5,3000,0.3,2.9,1.9,0.76,3.9,0.3,2.5,2,1.42,1.42,"%",62,0.5,7,3.25,1.1
"Salah Mejri","C","DAL","vs DET","25th",99,3000,0,25.9,11.5,1.06,12.1,1.8,10.8,8,8.11,8.11,"%",23,2.7,15,20.75,6.9
"Tarik Black","PF/CPFC","HOU","vs LAL","18th",120.5,3000,0,27.2,7.4,0.96,17.9,2.1,7.7,12,11.32,11.32,"%",0,3.8,4,6,2
"Justin Jackson","SG/SFSGSF","SAC","@ BKN","14th",100.5,3000,0.8,20.8,9.8,0.54,16.4,6,18.1,17,9.37,9.37,"%",42,3.1,20,9.25,3.1
"Henry Ellenson","PF/CPFC","DET","@ DAL","24th",98,3000,0,15.1,9.3,1.02,26.4,4.6,9.1,0,0,0,"%",19,0,3,3.25,1.1
"Nick Collison","PF/CPFC","OKC","vs UTA","10th",102.75,3000,0,4.8,4.3,0.86,13.7,0.8,5,0,0,0,"%",44,0,5,3.25,1.1
"Cristiano Da Silva Felicio","PF/CPFC","CHI","vs ORL","22nd",107.75,3000,0,8.8,9.1,0.65,13,2.8,14.1,0,0,0,"%",52,0,6,3.5,1.2
"Kyle Collinsworth","SG","DAL","vs DET","4th",99,3000,0,0,NA,NA,NA,NA,NA,0,0,0,"%",0,0,12,6.25,2.1
"Malachi Richardson","SG/SFSGSF","SAC","@ BKN","27th",100.5,3000,1.6,16.5,6.9,0.61,15.6,3.4,11.4,12,7.99,7.99,"%",38,2.7,0,0,NA
"Josh Huestis","SF/PFSFPF","OKC","vs UTA","6th",102.75,3000,0,14,6.7,0.59,15.3,2.6,11.4,10,5.66,5.66,"%",38,1.9,17,2.75,0.9
"Terrance Ferguson","SG/SFSGSF","OKC","vs UTA","1st",102.75,3000,0,5.8,2.4,0.37,12.2,1.5,6.5,0,0,0,"%",0,0,5,3.5,1.2
"Willie Reed","C","LAC","vs PHX","30th",110.25,3000,0,20.7,9.9,1.04,18.8,2.9,9.5,6,6.23,6.23,"%",27,2.1,16,16.5,5.5
"Julyan Stone","PG/SGPGSG","CHA","vs TOR","13th",105.25,3000,0,11.4,7.7,1.22,17.5,1.3,6.3,0,0,0,"%",26,0,4,6,2
"Dakari Johnson","C","OKC","vs UTA","2nd",102.75,3000,0,11.5,6.9,0.87,18.6,2.1,7.9,0,0,0,"%",17,0,3,5.75,1.9
"Mangok Mathiang","PF/CPFC","CHA","vs TOR","10th",105.25,3000,0,1.2,1.9,0.76,15.2,1,2.5,0,0,0,"%",0,0,4,3.75,1.3
"Jamel Artis","SG/SFSGSF","ORL","@ CHI","28th",102.75,3000,0,0,1.3,0.26,0,0,5,0,0,0,"%",0,0,15,10.75,3.6
"Joffrey Lauvergne","PF/CPFC","SAS","@ POR","2nd",98.25,3000,0,17.8,9.8,0.94,19.3,3.6,10.4,6,4.86,4.86,"%",34,1.6,6,9.25,3.1
"Dwayne Bacon","SG/SFSGSF","CHA","vs TOR","13th",105.25,3000,0,14.7,9.3,0.58,12.6,4,15.9,0,0,0,"%",21,0,5,8.25,2.8
"Andrew Bogut","C","LAL","@ HOU","1st",105.5,3000,0,19.8,7.5,0.99,9.4,1,7.6,8,7.28,7.28,"%",16,2.4,17,6.75,2.3
"Malik Monk","PG/SGPGSG","CHA","vs TOR","7th",105.25,3000,0,22.9,11,0.75,21.5,6.6,14.6,6,3.66,3.66,"%",13,1.2,14,16.5,5.5
"Derrick Walton Jr.","PG/SGPGSG","MIA","@ BOS","18th",95.5,3000,3.9,8.5,2.7,0.79,13.8,1,3.4,7,5.83,5.83,"%",51,1.9,6,2.75,0.9
"Marcus Georges-Hunt","SG/SFSGSF","MIN","@ DEN","7th",107.5,3000,0,10,2.5,0.52,15.7,1,4.8,8,3.8,3.8,"%",0,1.3,5,0,NA
"Ivan Rabb","PF/CPFC","MEM","@ GSW","12th",97.75,3000,0,1.5,0.8,0.8,24.5,0.5,1,0,0,0,"%",0,0,2,3.25,1.1
"Johnny O'Bryant","PF/CPFC","CHA","vs TOR","5th",105.25,3000,4.3,30.7,9.5,1.1,31.2,4.7,8.6,16,15.6,15.6,"%",21,5.2,21,19.5,6.5
"Eric Moreland","PF/CPFC","DET","@ DAL","24th",98,3000,0.2,25.1,9.1,0.87,7.5,1.2,10.5,11,10.87,10.87,"%",22,3.6,10,2.75,0.9
"Adreian Payne","PF","ORL","@ CHI","13th",102.75,3000,0,0,NA,NA,NA,NA,NA,0,0,0,"%",0,0,6,14.5,4.8
"Guerschon Yabusele","PF/CPFC","BOS","vs MIA","1st",104.5,3000,0,5,4.9,1.04,24,1.7,4.7,0,0,0,"%",49,0,7,10.75,3.6
"Josh Hart","PG/SGPGSG","LAL","@ HOU","22nd",105.5,3000,8.6,34.8,9.2,0.63,10.1,3,14.5,32,19.81,19.81,"%",19,6.6,27,27.5,9.2
"Joseph Young","PG/SGPGSG","IND","@ ATL","24th",109.25,3000,0,6,4.4,0.77,32.3,2.6,5.7,0,0,0,"%",32,0,12,3.5,1.2
"Deyonta Davis","PF/CPFC","MEM","@ GSW","6th",97.75,3000,1.2,23.1,10.6,0.92,15.5,2.9,11.5,13,10.61,10.61,"%",41,3.5,7,3.5,1.2
"Tony Bradley","C","UTA","@ OKC","11th",94.75,3000,0,2.4,2.2,0.85,29.3,1.3,2.6,0,0,0,"%",46,0,6,7.75,2.6
"Royce O'Neale","SF","UTA","@ OKC","10th",94.75,3000,0,27.8,8,0.78,18.2,2.7,10.3,13,10.28,10.28,"%",0,3.4,15,12.25,4.1
"Sindarius Thornwell","SG","LAC","vs PHX","25th",110.25,3000,0,18.5,8.6,0.55,14.6,3.3,15.7,14,7.29,7.29,"%",35,2.4,1,0,NA
"Brice Johnson","PF/CPFC","LAC","vs PHX","30th",110.25,3000,1.1,12.3,6,1.36,18.3,1.4,4.4,4,5.87,5.87,"%",47,2,NA,NA,NA
"Danuel House","SG/SFSGSF","PHX","@ LAC","3rd",105.25,3000,0,9.6,6.3,0.45,13.1,2.8,14,10,4.07,4.07,"%",56,1.4,7,8.75,2.9
